"Stars","ElapsedTime","Interest","Contributors","CommunityInterest","ExternalContributors","DeveloperExperience","OwnerEngagement","OwnerSpectrum","TotalVertices","C1C1","C1C2","C1C3","C1C4","C2C2","C2C3","C2C4","C3C3","C3C4","C4C4","RepeatInteractions","total.distinct","TotalEdges"
1,651.275,4,4,1,4,17623,0,0,4,3,0,0,2,0,0,0,0,0,1,1,5,6
1,650.702,6,6,2,6,17623,0,0,6,4,0,0,6,0,0,0,0,2,3,9,6,15
1,590.568,5,4,4,4,17623,0,0,4,0,0,0,1,0,0,0,0,1,4,4,2,6
2,228.628,3,3,2,3,17623,0,0,3,0,0,0,0,0,0,0,0,0,3,3,0,3
1,577.108,4,4,2,4,17623,0,0,4,0,0,0,1,0,0,0,0,0,3,4,2,6
1,577.107,5,4,3,4,17623,0,0,4,1,0,0,6,0,0,0,0,0,2,3,3,6
10,794.821,5,5,5,5,17623,0,0,5,3,0,1,5,0,0,0,0,0,1,1,9,10
2,841.438,6,4,4,4,17623,0,0,4,1,0,0,6,0,0,0,0,0,3,2,4,6
8,834.849,12,10,9,10,17623,0,0,10,12,6,3,20,0,0,5,0,4,5,28,17,45
1,577.106,4,4,2,4,17623,0,0,4,0,0,0,0,0,0,0,0,0,4,4,2,6
5,935.67,9,6,5,6,17623,0,0,6,1,0,0,11,0,0,0,0,0,8,10,5,15
2,221.609,5,4,3,3,90,120,103,4,0,0,0,3,0,0,0,0,1,3,5,1,6
1,577.106,4,4,2,4,17623,0,0,4,0,0,0,1,0,0,0,0,0,3,4,2,6
10,578.389,8,7,7,7,17623,0,0,7,5,0,1,10,0,0,0,0,2,3,8,13,21
1,577.105,4,4,3,4,17623,0,0,4,0,0,0,2,0,0,0,0,0,2,3,3,6
1,583.143,5,4,3,4,17623,0,0,4,0,0,0,2,0,0,0,0,0,3,4,2,6
1,577.105,4,4,2,4,17623,0,0,4,0,0,0,1,0,0,0,0,0,3,4,2,6
6,916.993,8,7,4,7,17623,0,0,7,4,0,0,16,0,0,0,0,0,3,10,11,21
2,834.846,5,3,3,3,17623,0,0,3,0,0,0,0,0,0,0,0,0,5,3,0,3
2,834.845,6,4,3,4,17623,0,0,4,0,0,0,5,0,0,0,0,0,5,5,1,6
5,834.844,7,5,5,5,17623,0,0,5,1,0,0,10,0,0,0,0,0,5,7,3,10
1,834.845,6,4,2,4,17623,0,0,4,0,0,0,0,0,0,0,0,0,8,6,0,6
1,577.102,5,5,4,5,17623,0,0,5,1,0,0,6,0,0,0,0,0,3,7,3,10
2,834.793,5,3,3,3,17623,0,0,3,0,0,0,0,0,0,0,0,0,5,3,0,3
5,377.702,6,5,5,5,17623,0,0,5,5,0,0,6,0,0,1,0,0,1,7,3,10
2,834.793,5,3,2,3,17623,0,0,3,0,0,0,0,0,0,0,0,2,3,3,0,3
2,209.972,4,3,2,2,90,120,103,3,0,0,0,0,0,0,0,0,1,3,3,0,3
2,577.045,6,6,4,6,17623,0,0,6,3,0,0,7,0,0,0,0,0,3,10,5,15
3,836.124,7,5,4,5,17623,0,0,5,1,2,0,8,0,0,2,0,0,3,5,5,10
1,579.927,4,4,2,4,17623,0,0,4,0,0,0,1,0,0,0,0,0,3,4,2,6
8,1024.202,8,6,6,6,17623,0,0,6,1,0,2,8,0,0,0,0,2,6,6,9,15
2,57.999,7,4,4,3,3,5,0,4,3,0,2,7,0,0,0,0,1,0,6,0,6
1,577.049,4,4,2,4,17623,0,0,4,0,0,0,0,0,0,1,0,0,3,4,2,6
1,834.788,8,6,5,6,17623,0,0,6,1,0,0,12,0,0,0,0,0,8,12,3,15
2,216.174,5,5,5,5,17623,0,0,5,2,0,1,3,0,0,0,0,0,4,4,6,10
6,1026.634,8,6,7,6,17623,0,0,6,1,0,0,12,0,0,2,0,1,3,10,5,15
2,834.787,6,3,2,3,17623,0,0,3,0,0,0,0,0,0,1,0,1,4,3,0,3
4,834.791,6,4,3,4,17623,0,0,4,1,0,0,5,0,0,0,0,0,4,5,1,6
1,577.099,6,5,4,5,17623,0,0,5,1,0,0,6,0,0,0,0,0,3,6,4,10
14,1202.618,10,6,10,6,17623,0,0,6,12,0,0,14,0,0,0,0,0,2,5,10,15
1,576.67,8,3,1,2,90,120,103,3,0,0,0,0,0,0,0,0,0,2,2,1,3
1,576.736,5,5,2,4,27,16,5,5,0,0,0,4,0,0,0,0,0,4,3,7,10
1,576.431,6,5,3,4,27,16,5,5,0,0,0,5,0,0,0,0,0,7,7,3,10
2,834.031,6,4,3,4,17623,0,0,4,0,0,0,1,0,0,0,0,1,8,5,1,6
1,821.455,6,4,2,4,17623,0,0,4,0,0,0,0,0,0,0,0,0,8,6,0,6
1,563.714,3,3,2,3,17623,0,0,3,0,0,0,0,0,0,0,0,0,3,3,0,3
1,563.713,4,3,2,3,17623,0,0,3,0,0,0,0,0,0,0,0,0,3,3,0,3
4,47.7,3,3,3,3,17623,0,0,3,1,0,0,2,0,0,0,0,0,0,0,3,3
2,201.686,3,3,2,2,27,16,5,3,0,0,0,1,0,0,0,0,0,2,2,1,3
3,209.954,4,4,3,3,27,16,5,4,1,0,0,3,0,0,0,0,0,2,3,3,6
1,821.449,7,5,3,5,17623,0,0,5,0,1,0,3,0,0,0,0,2,6,10,0,10
5,204.762,7,6,6,6,17623,0,0,6,6,0,0,10,0,0,0,0,0,1,5,10,15
1,563.708,6,5,3,4,49,8,6,5,0,0,0,1,0,0,0,2,4,5,10,0,10
1,563.708,4,3,1,3,17623,0,0,3,0,0,0,1,0,0,1,0,0,1,2,1,3
2,201.683,3,3,3,3,17623,0,0,3,0,0,0,0,0,0,1,0,0,2,3,0,3
4,828.982,8,6,6,6,17623,0,0,6,3,0,0,15,0,0,0,0,0,5,8,7,15
3,604.555,7,6,6,6,17623,0,0,6,12,0,0,7,0,0,0,0,0,0,4,11,15
3,204.342,4,4,4,4,17623,0,0,4,1,0,0,4,0,0,0,0,0,1,2,4,6
2,195.561,3,3,2,3,17623,0,0,3,0,0,0,2,0,0,0,0,0,1,3,0,3
2,196.637,3,3,2,3,17623,0,0,3,0,0,0,0,0,0,0,0,0,3,3,0,3
2,821.44,5,3,2,3,17623,0,0,3,0,0,0,0,0,0,0,0,1,4,3,0,3
12,944.002,19,14,16,14,17623,0,0,14,48,1,3,54,0,0,1,0,2,9,50,41,91
1,563.703,3,3,2,3,17623,0,0,3,0,0,0,0,0,0,0,0,0,3,3,0,3
1,572.183,3,3,1,3,17623,0,0,3,0,0,0,0,0,0,0,0,0,2,2,1,3
1,563.703,4,4,3,4,17623,0,0,4,0,0,0,0,0,0,0,0,1,3,4,2,6
1,821.44,5,4,2,4,17623,0,0,4,0,0,0,1,0,0,0,0,0,6,6,0,6
1,571.141,3,3,1,3,17623,0,0,3,0,0,0,0,0,0,0,0,0,2,2,1,3
1,564.662,6,4,3,4,17623,0,0,4,0,0,0,5,0,0,0,0,0,2,3,3,6
3,1236.315,6,5,4,5,17623,0,0,5,1,0,0,6,0,0,0,0,0,4,6,4,10
1,563.697,5,3,4,3,17623,0,0,3,0,0,0,0,0,0,0,0,0,5,3,0,3
2,821.432,5,3,3,3,17623,0,0,3,0,0,0,0,0,0,0,0,0,5,3,0,3
1,821.434,7,5,4,5,17623,0,0,5,0,0,0,6,0,0,0,0,0,8,9,1,10
2,195.555,3,3,3,3,17623,0,0,3,0,0,0,2,0,0,0,0,0,1,3,0,3
8,571.831,6,5,4,5,17623,0,0,5,1,0,0,6,0,0,0,0,0,3,5,5,10
2,569.097,5,4,3,4,17623,0,0,4,1,0,0,4,0,0,0,0,2,2,3,3,6
1,563.694,3,3,2,3,17623,0,0,3,0,0,0,0,0,0,0,0,0,3,3,0,3
1,821.429,5,3,2,3,17623,0,0,3,0,0,0,0,0,0,0,0,0,5,3,0,3
1,821.427,5,3,2,3,17623,0,0,3,0,0,0,1,0,0,0,0,0,4,3,0,3
3,821.425,6,4,4,4,17623,0,0,4,0,0,0,3,0,0,0,0,0,5,4,2,6
4,821.425,6,3,4,3,17623,0,0,3,0,0,0,0,0,0,0,0,0,5,3,0,3
1,201.662,3,3,2,2,27,16,5,3,0,0,0,1,0,0,0,0,0,2,3,0,3
1,201.662,4,3,3,2,27,16,5,3,0,0,0,1,0,0,0,0,0,2,3,0,3
2,826.154,7,4,4,4,17623,0,0,4,0,0,0,5,0,0,0,0,0,5,4,2,6
1,196.613,7,5,6,5,17623,0,0,5,3,0,0,4,0,0,0,0,2,3,8,2,10
1,205.312,5,3,3,3,17623,0,0,3,0,0,0,3,0,0,0,0,1,1,3,0,3
1,977.233,3,3,2,2,3,5,0,3,0,0,1,2,0,0,0,0,0,0,1,2,3
3,586.498,5,5,2,5,17623,0,0,5,0,1,0,3,0,0,3,0,0,3,9,1,10
1,821.414,6,3,3,3,17623,0,0,3,0,0,0,0,0,0,0,0,0,5,3,0,3
1,24.08,4,3,4,3,17623,0,0,3,1,0,0,3,0,0,0,0,0,0,1,2,3
1,821.412,5,3,3,3,17623,0,0,3,0,0,0,0,0,0,0,0,0,5,3,0,3
1,824.338,6,4,3,4,17623,0,0,4,0,0,0,3,0,0,0,0,1,6,4,2,6
1,197.591,4,4,3,4,17623,0,0,4,0,0,1,2,0,0,1,0,0,2,4,2,6
2,978.305,6,4,5,4,17623,0,0,4,1,0,0,6,0,0,0,0,0,1,3,3,6
2,195.531,3,3,2,3,17623,0,0,3,0,0,0,2,0,0,0,0,0,1,2,1,3
1,821.407,5,3,2,3,17623,0,0,3,0,0,0,0,0,0,0,0,0,5,3,0,3
1,821.406,4,3,2,3,17623,0,0,3,0,0,0,0,0,0,0,0,0,4,3,0,3
1,821.391,6,3,3,3,17623,0,0,3,0,0,0,0,0,0,0,0,0,5,3,0,3
1,821.391,4,3,2,3,17623,0,0,3,0,0,0,0,0,0,0,0,0,4,3,0,3
1,181.813,3,3,2,2,27,16,5,3,0,0,0,0,0,0,1,0,0,2,3,0,3
1,213.964,3,3,3,3,17623,0,0,3,0,0,0,2,0,0,0,0,0,1,2,1,3
3,335.782,4,3,3,3,17623,0,0,3,0,0,0,2,0,0,0,0,0,1,2,1,3
1,809.837,6,4,4,4,17623,0,0,4,0,0,0,5,0,0,0,0,0,5,4,2,6
1,792.863,5,3,2,3,17623,0,0,3,0,0,0,0,0,0,0,0,0,5,3,0,3
7,1169.599,17,12,14,12,17623,0,0,12,16,0,0,49,0,0,0,0,3,26,19,47,66
2,792.856,6,4,4,4,17623,0,0,4,0,0,0,3,0,0,0,0,0,5,4,2,6
2,1266.309,8,8,7,8,17623,0,0,8,5,3,1,15,0,0,1,0,1,2,12,16,28
0,559.716,6,5,4,5,17623,0,0,5,0,0,1,3,0,0,0,0,2,1,4,6,10
2,196.793,4,3,4,3,17623,0,0,3,0,0,0,3,0,0,0,0,0,1,3,0,3
2,948.673,6,4,4,4,17623,0,0,4,0,0,0,3,0,0,0,0,0,5,6,0,6
1,792.849,5,3,3,3,17623,0,0,3,0,0,0,0,0,0,0,0,0,5,3,0,3
3,166.975,7,6,6,6,17623,0,0,6,9,0,0,9,0,0,0,0,0,1,9,6,15
7,552.749,8,7,7,7,17623,0,0,7,7,0,0,11,0,0,1,0,0,3,5,16,21
1,1123.298,11,6,9,6,17623,0,0,6,1,0,1,7,0,0,1,0,7,6,7,8,15
2,194.138,3,3,2,3,17623,0,0,3,0,0,0,0,0,0,0,0,2,1,3,0,3
6,1356.253,5,4,3,4,17623,0,0,4,0,0,0,1,0,0,0,0,3,4,4,2,6
2,968.695,5,4,4,4,17623,0,0,4,0,0,0,0,0,0,2,1,2,1,6,0,6
3,169.855,6,4,6,4,17623,0,0,4,3,0,0,5,0,0,1,0,0,1,4,2,6
1,193.051,3,3,3,3,17623,0,0,3,0,0,0,2,0,0,0,0,0,1,2,1,3
2,191.882,4,3,3,3,17623,0,0,3,0,0,0,3,0,0,0,0,0,1,3,0,3
2,789.036,7,4,5,4,17623,0,0,4,0,0,0,3,0,0,0,0,0,6,4,2,6
2,163.166,4,3,3,3,17623,0,0,3,0,0,0,2,0,0,0,0,0,1,3,0,3
2,191.891,8,3,8,3,17623,0,0,3,0,0,0,7,0,0,0,0,0,1,3,0,3
1,163.149,5,3,2,2,4,6,2,3,0,0,0,1,0,0,1,0,1,1,3,0,3
1,180.469,3,3,2,2,27,16,5,3,0,0,1,1,0,0,0,0,0,1,2,1,3
2,1189.614,6,4,6,4,17623,0,0,4,5,0,0,3,0,0,0,0,0,0,1,5,6
1,190.996,3,3,3,3,17623,0,0,3,0,0,0,2,0,0,0,0,0,1,3,0,3
2,174.938,4,4,4,4,17623,0,0,4,0,0,1,2,0,0,0,0,2,1,3,3,6
2,184.531,6,4,3,3,4,6,2,4,1,0,1,4,0,0,0,0,2,1,5,1,6
4,183.99,3,3,2,3,17623,0,0,3,0,0,0,1,0,0,0,0,1,1,1,2,3
3,169.253,3,3,3,3,17623,0,0,3,0,0,0,0,0,0,1,0,1,1,3,0,3
5,164.209,3,3,3,3,17623,0,0,3,0,0,0,1,0,0,0,0,1,1,3,0,3
12,1295.413,8,5,7,5,17623,0,0,5,3,0,0,9,0,0,0,0,0,2,3,7,10
1,169.231,3,3,2,3,17623,0,0,3,0,0,0,1,0,0,1,0,0,1,3,0,3
1,788.991,5,3,2,3,17623,0,0,3,0,0,0,0,0,0,0,0,0,5,3,0,3
1,25.398,3,3,3,3,17623,0,0,3,1,0,0,2,0,0,0,0,0,0,1,2,3
1,169.226,4,4,4,4,17623,0,0,4,0,0,1,3,0,0,0,0,1,1,3,3,6
3,187.272,6,3,6,3,17623,0,0,3,0,0,0,4,0,0,0,0,0,1,3,0,3
2,187.202,5,5,4,5,17623,0,0,5,3,0,0,6,0,0,0,0,0,1,4,6,10
2,175.738,5,5,5,5,17623,0,0,5,5,0,1,2,0,0,1,0,1,0,1,9,10
2,185.116,4,3,2,2,90,120,103,3,0,0,0,0,0,0,0,0,1,2,2,1,3
1,184.458,5,5,4,5,17623,0,0,5,3,0,0,5,0,0,0,0,1,1,3,7,10
1,180.288,3,3,2,2,27,16,5,3,0,0,0,1,0,0,0,0,1,1,2,1,3
1,183.92,4,3,4,3,17623,0,0,3,0,0,0,1,0,0,1,0,1,1,2,1,3
4,788.967,5,3,3,3,17623,0,0,3,0,0,0,0,0,0,0,0,0,5,3,0,3
1,788.959,5,3,3,3,17623,0,0,3,0,0,0,0,0,0,0,0,0,5,3,0,3
2,788.957,5,3,3,3,17623,0,0,3,0,0,0,0,0,0,0,0,0,5,3,0,3
1,180.234,4,4,4,4,17623,0,0,4,0,0,0,2,0,0,0,0,1,3,5,1,6
1,179.641,4,4,4,4,17623,0,0,4,0,0,1,1,0,0,0,0,2,2,5,1,6
1,788.95,6,4,4,4,17623,0,0,4,0,0,0,5,0,0,0,0,0,5,5,1,6
1,172.906,4,4,3,4,17623,0,0,4,0,0,0,3,0,0,0,0,0,3,3,3,6
2,163.082,3,3,2,3,17623,0,0,3,0,0,0,0,0,0,0,0,1,2,3,0,3
3,279.51,3,3,3,3,17623,0,0,3,0,0,0,2,0,0,0,0,0,1,0,3,3
1,174.7,5,4,5,4,17623,0,0,4,1,0,0,4,0,0,0,0,1,1,4,2,6
1,169.177,3,3,2,3,17623,0,0,3,0,0,0,0,0,0,0,0,0,3,3,0,3
1,173.046,5,4,5,4,17623,0,0,4,1,0,0,6,0,0,0,0,0,2,3,3,6
1,788.929,5,3,3,3,17623,0,0,3,0,0,0,0,0,0,0,0,0,5,3,0,3
2,169.165,3,3,2,3,17623,0,0,3,0,0,0,1,0,0,0,0,1,1,3,0,3
1,788.928,7,5,5,5,17623,0,0,5,1,0,0,10,0,0,0,0,0,5,8,2,10
1,788.924,5,3,3,3,17623,0,0,3,0,0,0,0,0,0,0,0,0,5,3,0,3
2,792.799,9,5,7,5,17623,0,0,5,3,0,0,5,0,0,1,0,3,6,8,2,10
1,170.811,3,3,2,3,17623,0,0,3,0,0,0,0,0,0,0,0,0,3,2,1,3
2,171.562,5,3,4,3,17623,0,0,3,0,0,0,2,0,0,2,0,0,1,3,0,3
2,170.759,6,3,4,3,17623,0,0,3,0,0,0,3,0,0,1,0,0,1,3,0,3
2,170.159,4,3,3,3,17623,0,0,3,0,0,0,3,0,0,0,0,0,1,3,0,3
1,782.817,6,3,4,3,17623,0,0,3,0,0,0,0,0,0,0,0,0,5,3,0,3
1,782.813,5,3,3,3,17623,0,0,3,0,0,0,0,0,0,0,0,0,5,3,0,3
2,167.835,5,4,4,4,17623,0,0,4,0,0,0,2,0,0,0,0,2,3,4,2,6
3,782.805,5,3,3,3,17623,0,0,3,0,0,0,0,0,0,0,0,0,5,3,0,3
1,782.803,5,3,3,3,17623,0,0,3,0,0,0,0,0,0,0,0,0,5,3,0,3
1,156.933,3,3,3,3,17623,0,0,3,0,0,0,1,0,0,1,0,0,1,3,0,3
1,156.929,7,5,7,5,17623,0,0,5,1,1,0,6,0,0,2,0,2,5,10,0,10
1,156.929,3,3,2,3,17623,0,0,3,0,0,0,0,0,0,1,0,1,1,3,0,3
1,163.282,3,3,3,3,17623,0,0,3,0,0,0,0,0,0,0,0,0,3,2,1,3
2,767.532,5,3,3,3,17623,0,0,3,0,0,0,4,0,0,0,0,0,1,2,1,3
1,767.52,6,3,3,3,17623,0,0,3,0,0,0,0,0,0,1,0,4,1,3,0,3
4,719.828,6,3,5,3,17623,0,0,3,0,0,0,5,0,0,0,0,0,1,3,0,3
1,779.753,7,4,5,4,17623,0,0,4,0,0,0,0,0,0,0,0,5,6,6,0,6
5,580.662,5,3,5,3,17623,0,0,3,0,0,0,2,0,0,0,0,1,0,1,2,3
1,157.319,8,4,8,4,17623,0,0,4,2,1,1,3,0,0,1,0,2,1,5,1,6
63,645.873,25,15,18,14,118,84,22,15,80,5,17,60,0,0,2,0,5,9,28,77,105
5,154.054,7,3,7,3,17623,0,0,3,1,0,0,6,0,0,0,0,0,0,1,2,3
1,105.03,3,3,2,2,27,16,5,3,0,0,0,0,0,0,0,0,0,3,2,1,3
1,769.21,6,3,4,3,17623,0,0,3,0,0,0,0,0,0,5,0,0,1,2,1,3
2,1086.479,6,5,6,5,17623,0,0,5,6,0,0,6,0,0,0,0,0,0,2,8,10
2,1051.459,7,6,5,6,17623,0,0,6,2,0,0,12,0,0,0,0,0,6,12,3,15
1,1101.033,7,4,5,4,17623,0,0,4,1,0,0,7,0,0,0,0,0,1,3,3,6
6,964.093,14,10,9,10,15,5,4,10,18,1,0,29,0,0,1,0,0,6,12,33,45
2,917.878,4,3,2,3,17623,0,0,3,0,0,0,0,0,0,0,0,0,5,3,0,3
1,138.111,4,4,3,4,17623,0,0,4,1,0,0,4,0,0,0,0,0,1,3,3,6
1,294.976,4,4,3,4,17623,0,0,4,1,0,0,4,0,0,0,0,0,1,2,4,6
1,44.168,3,3,2,2,3,5,0,3,0,0,0,0,0,0,1,0,1,1,3,0,3
1,115.189,4,4,4,4,17623,0,0,4,0,0,0,3,0,0,0,0,0,3,5,1,6
2,140.047,5,3,4,3,17623,0,0,3,0,0,0,4,0,0,0,0,0,1,3,0,3
2,133.379,4,4,4,4,17623,0,0,4,1,0,0,4,0,0,0,0,0,1,1,5,6
6,881.2,10,7,7,7,17623,0,0,7,6,0,0,16,0,0,0,0,0,7,13,8,21
2,98.59,4,4,4,4,17623,0,0,4,1,0,0,4,0,0,0,0,0,1,1,5,6
1,125.017,4,3,4,3,17623,0,0,3,0,0,0,0,0,0,2,0,0,1,1,2,3
2,6.388,3,3,2,3,17623,0,0,3,1,0,0,2,0,0,0,0,0,0,0,3,3
2,212.77,3,3,2,3,17623,0,0,3,0,0,0,2,0,0,0,0,0,1,3,0,3
1,107.473,7,4,7,4,17623,0,0,4,3,0,0,6,0,0,0,0,0,2,4,2,6
2,97.758,5,4,3,4,17623,0,0,4,1,0,0,5,0,0,0,0,0,1,3,3,6
2734,276.231,25,23,24,23,12,0,0,23,230,21,0,22,0,0,1,0,0,0,17,236,253
2,80.701,6,3,6,3,17623,0,0,3,0,0,0,3,0,0,2,0,0,1,3,0,3
12,698.716,19,9,8,8,249,375,145,9,25,0,0,48,0,0,0,0,0,19,14,22,36
2,139.828,3,3,2,3,17623,0,0,3,0,0,0,2,0,0,0,0,0,1,0,3,3
2,40.921,3,3,3,3,17623,0,0,3,0,0,0,2,0,0,0,0,0,1,2,1,3
6,467.987,6,4,3,4,17623,0,0,4,0,1,0,2,0,0,3,0,0,2,3,3,6
1,38.76,3,3,2,3,17623,0,0,3,0,0,0,2,0,0,0,0,0,1,1,2,3
2,555.477,3,3,3,3,17623,0,0,3,0,0,0,2,0,0,0,0,0,1,1,2,3
1,36.198,6,3,6,3,17623,0,0,3,0,0,0,0,0,0,0,0,1,6,3,0,3
1,370.705,5,4,4,4,17623,0,0,4,0,1,0,2,0,0,1,0,1,1,1,5,6
1,258.799,3,3,1,3,17623,0,0,3,0,0,0,0,0,0,0,0,2,1,2,1,3
1,402.081,4,3,1,3,57,255,183,3,0,0,0,0,0,0,0,0,0,2,1,2,3
1,31.301,11,3,11,3,17623,0,0,3,5,1,1,3,0,0,0,0,3,0,3,0,3
38,888.688,14,10,12,10,17623,0,0,10,25,0,6,22,0,0,0,0,4,2,14,31,45
1,778.235,3,3,2,3,17623,0,0,3,0,0,0,0,0,0,0,0,2,1,3,0,3
2,28.276,5,3,5,3,17623,0,0,3,1,0,0,4,0,0,0,0,0,0,2,1,3
38,595.914,25,23,21,22,57,255,183,23,190,0,0,75,0,0,0,0,0,5,19,234,253
2,1116.276,5,5,2,5,17623,0,0,5,1,1,0,4,0,0,3,0,0,1,9,1,10
7,900.716,18,8,6,7,249,375,145,8,16,0,0,22,0,0,0,0,0,9,3,25,28
1,247.199,3,3,1,3,17623,0,0,3,0,0,0,0,0,0,0,0,2,1,3,0,3
1,881.081,6,4,5,4,17623,0,0,4,1,0,0,6,0,0,0,0,0,1,3,3,6
40,1149.489,14,12,10,12,17623,0,0,12,28,0,8,26,0,1,0,0,3,5,22,44,66
2,598.17,4,3,2,3,17623,0,0,3,0,0,0,0,0,0,0,0,0,3,3,0,3
36,616.981,25,22,24,22,57,255,183,22,222,0,7,25,0,0,0,0,1,0,33,198,231
15,312.167,9,5,8,5,17623,0,0,5,4,0,0,8,0,0,0,0,0,2,5,5,10
17,959.952,14,9,10,8,331,99,0,9,17,0,1,33,0,0,0,0,3,5,16,20,36
4,239.144,3,3,2,3,17623,0,0,3,3,0,0,0,0,0,0,0,0,0,0,3,3
1,579.916,5,5,2,5,17623,0,0,5,1,0,0,5,0,0,0,0,0,4,4,6,10
4,614.116,10,6,5,5,331,99,0,6,4,0,0,13,0,0,0,0,0,4,11,4,15
8,556.104,7,4,5,3,331,99,0,4,1,0,0,7,0,0,0,0,0,1,3,3,6
5,769.66,10,4,3,3,118,84,22,4,0,0,0,9,0,0,0,0,0,10,6,0,6
3,1116.319,5,4,3,4,17623,0,0,4,2,0,0,4,0,0,0,0,0,0,3,3,6
11,256.883,17,9,15,9,17623,0,0,9,33,6,2,12,1,1,0,0,2,2,14,22,36
4,55.365,8,4,7,4,17623,0,0,4,9,0,0,3,0,0,0,0,0,0,3,3,6
5,1.403,8,8,7,8,17623,0,0,8,28,0,0,0,0,0,0,0,0,0,7,21,28
1,807.081,9,7,9,7,17623,0,0,7,24,0,0,8,0,0,0,0,0,0,11,10,21
11,556.534,6,4,1,3,118,84,22,4,0,0,0,5,0,0,0,0,0,7,4,2,6
15,913.56,25,14,24,14,17623,0,0,14,102,10,3,28,0,0,1,0,1,1,37,54,91
2,0.508,3,3,3,3,17623,0,0,3,3,0,0,0,0,0,0,0,0,0,0,3,3
163,225.694,25,16,24,16,17623,0,0,16,105,10,14,13,0,0,0,0,2,0,23,97,120
14,668.945,8,6,3,5,331,99,0,6,1,0,0,10,0,0,0,0,0,10,8,7,15
42,735.138,25,21,24,21,17623,0,0,21,163,15,20,21,0,0,0,0,1,0,21,189,210
44,933.211,20,17,16,17,17623,0,0,17,63,24,13,41,0,0,2,0,5,3,35,101,136
11,292.194,7,6,4,6,17623,0,0,6,2,1,3,5,0,0,1,0,3,1,5,10,15
6,1056.744,16,11,13,10,17,17,5,11,21,8,0,32,0,0,3,0,0,5,16,39,55
66,648.242,25,20,22,20,17623,0,0,20,189,0,0,47,0,0,0,0,0,1,57,133,190
6,361.748,4,4,3,4,17623,0,0,4,3,0,0,3,0,0,0,0,0,0,0,6,6
3,526.954,7,6,3,5,57,255,183,6,5,0,0,9,0,0,0,0,0,3,7,8,15
603,387.046,25,19,22,19,17623,0,0,19,152,1,0,43,0,0,0,0,0,1,26,145,171
35,642.66,25,20,23,20,17623,0,0,20,185,0,0,64,0,0,0,0,0,1,52,138,190
5,296.361,4,4,2,4,17623,0,0,4,1,0,0,4,0,0,0,0,0,1,1,5,6
716,330.139,25,21,22,21,17623,0,0,21,220,1,0,42,0,0,0,0,0,0,62,148,210
2657,114.959,25,25,24,25,12,0,0,25,276,0,0,24,0,0,0,0,0,0,0,300,300
1,614.077,5,4,3,3,331,99,0,4,0,0,0,4,0,0,0,0,0,4,5,1,6
1,246.638,3,3,2,3,17623,0,0,3,1,0,2,0,0,0,0,0,0,0,0,3,3
4284,283.908,25,19,22,19,17623,0,0,19,165,0,10,67,0,0,0,0,3,0,58,113,171
7,469.438,7,5,3,4,249,375,145,5,3,0,0,7,0,0,0,0,0,2,3,7,10
3,501.03,4,3,1,2,249,375,145,3,0,0,0,0,0,0,0,0,0,5,3,0,3
4,479.245,5,4,3,4,17623,0,0,4,1,0,0,5,0,0,0,0,0,1,3,3,6
2,238.562,4,4,2,4,17623,0,0,4,3,0,0,3,0,0,0,0,0,0,0,6,6
13,292.547,16,11,14,11,17623,0,0,11,37,1,0,23,0,0,1,0,1,1,19,36,55
1010,364.183,25,24,22,24,17623,0,0,24,212,19,0,46,0,0,0,0,0,1,27,249,276
4052,341.124,25,22,21,22,17623,0,0,22,210,0,0,34,0,0,0,0,0,0,5,226,231
10,209.571,4,3,1,3,17623,0,0,3,0,0,0,3,0,0,0,0,0,2,3,0,3
2,253.24,3,3,2,3,17623,0,0,3,1,0,0,2,0,0,0,0,0,0,0,3,3
1024,447.917,25,25,24,25,331,99,0,25,226,19,8,46,0,0,0,0,0,1,42,258,300
2,48.321,4,3,3,3,17623,0,0,3,1,0,0,4,0,0,0,0,0,0,2,1,3
204,387.896,25,22,22,22,5,0,0,22,210,0,0,63,0,0,0,0,0,0,31,200,231
37,498.633,25,24,23,24,17623,0,0,24,231,0,8,36,0,0,0,0,1,0,10,266,276
76,989.657,13,10,9,10,17623,0,0,10,16,0,0,30,0,0,0,0,0,5,7,38,45
4,233.834,7,6,6,6,17623,0,0,6,13,0,0,5,0,0,0,0,0,0,3,12,15
15,210.902,16,5,13,4,24,45,39,5,5,2,2,8,0,1,7,0,1,0,5,5,10
1,566.121,6,3,3,2,331,99,0,3,0,0,0,0,0,0,0,0,0,6,3,0,3
1023,305.309,25,19,21,19,17623,0,0,19,164,5,1,22,0,0,1,0,0,0,20,151,171
4,147.464,5,5,3,5,17623,0,0,5,6,0,0,4,0,0,0,0,0,0,4,6,10
7,222.147,5,3,4,3,17623,0,0,3,2,0,0,5,0,0,0,0,0,0,3,0,3
3,92.145,3,3,2,3,17623,0,0,3,1,0,0,2,0,0,0,0,0,0,3,0,3
1787,177.779,25,20,24,20,17623,0,0,20,178,11,0,23,0,0,0,0,0,0,14,176,190
5,717.655,9,9,9,9,17623,0,0,9,26,0,4,6,0,0,0,0,0,0,0,36,36
4,628.998,15,6,5,5,249,375,145,6,5,0,2,21,0,0,0,0,2,13,8,7,15
1,246.013,3,3,2,2,122,292,277,3,0,0,0,2,0,0,0,0,0,1,2,1,3
1,278.706,6,3,5,3,17623,0,0,3,5,0,0,2,0,0,0,0,0,0,2,1,3
3,518.959,6,3,2,2,249,375,145,3,1,0,0,0,0,0,0,0,0,7,3,0,3
2,821.686,4,4,4,4,17623,0,0,4,3,0,0,3,0,0,0,0,0,0,0,6,6
10,618.428,10,9,9,8,331,99,0,9,15,1,0,23,0,0,0,0,0,4,15,21,36
10,583.369,7,7,5,7,17623,0,0,7,10,0,0,10,0,0,0,0,0,1,4,17,21
2,961.555,10,7,8,7,17623,0,0,7,13,0,0,17,0,0,0,0,0,0,4,17,21
6,367.333,6,5,5,5,17623,0,0,5,3,0,0,7,0,0,0,0,0,1,4,6,10
3,170.262,4,3,1,3,17623,0,0,3,0,0,0,2,0,0,0,0,0,1,1,2,3
333,261.802,25,11,24,11,17623,0,0,11,111,8,4,23,0,0,1,0,0,0,39,16,55
24,790.607,23,11,20,11,17623,0,0,11,64,1,0,52,0,0,1,0,0,5,37,18,55
50,318.834,25,13,22,13,92,138,8,13,84,0,0,62,0,0,0,0,0,3,59,19,78
16,740.066,21,19,18,19,17623,0,0,19,130,0,0,51,0,0,0,0,0,3,21,150,171
7,896.482,10,10,9,10,17623,0,0,10,36,0,0,9,0,0,0,0,0,0,0,45,45
6,215.895,10,7,9,7,17623,0,0,7,26,0,0,6,0,0,0,0,0,0,11,10,21
3,578.637,4,3,2,2,331,99,0,3,0,0,0,0,0,0,0,0,0,4,3,0,3
1,594.986,7,4,5,3,331,99,0,4,0,0,0,4,0,0,0,0,0,4,4,2,6
3,235.188,3,3,2,3,17623,0,0,3,0,0,0,1,0,0,0,0,0,2,1,2,3
4,237.289,3,3,1,3,17623,0,0,3,0,0,0,2,0,0,0,0,0,1,1,2,3
69,525.567,25,21,23,21,331,99,0,21,188,0,0,64,0,0,0,0,0,4,28,182,210
778,184.511,25,24,24,24,17623,0,0,24,254,0,0,23,0,0,0,0,0,0,29,247,276
4,139.024,9,4,9,4,17623,0,0,4,7,2,0,1,0,0,3,0,0,1,6,0,6
1,683.932,8,3,1,2,249,375,145,3,0,0,0,1,0,0,0,0,0,11,3,0,3
1,104.867,7,5,6,5,17623,0,0,5,6,0,0,6,0,0,0,0,0,0,4,6,10
135,196.97,25,19,25,19,17623,0,0,19,177,0,0,24,0,0,0,0,0,0,29,142,171
1,1032.636,6,4,6,4,17623,0,0,4,4,0,0,5,0,0,0,0,0,0,2,4,6
7,580.205,7,5,4,4,331,99,0,5,1,0,0,8,0,0,0,0,0,5,6,4,10
6,232.324,6,3,4,3,17623,0,0,3,1,0,0,6,0,0,0,0,0,0,2,1,3
1,574.139,4,3,3,2,331,99,0,3,0,0,0,0,0,0,0,0,0,4,3,0,3
1,210.331,3,3,1,3,17623,0,0,3,0,1,0,1,0,0,1,0,0,0,2,1,3
5,2.04,3,3,2,3,17623,0,0,3,1,0,0,2,0,0,0,0,0,0,0,3,3
1,566.845,6,4,3,3,331,99,0,4,0,0,0,0,0,0,2,0,1,5,6,0,6
2,222.6,5,3,4,3,17623,0,0,3,0,0,1,3,0,0,1,0,0,2,2,1,3
2,501.233,5,4,4,4,17623,0,0,4,2,0,1,4,0,0,0,0,1,0,6,0,6
4,637.964,6,4,3,3,118,84,22,4,1,0,0,7,0,0,0,0,0,3,4,2,6
33,923.793,25,18,19,17,92,138,8,18,134,2,0,90,0,0,0,0,0,11,51,102,153
1,163.337,3,3,2,3,17623,0,0,3,0,0,1,1,0,0,0,0,0,1,0,3,3
1,556.111,5,3,3,2,331,99,0,3,0,0,0,0,0,0,0,0,0,5,3,0,3
3,556.12,7,5,5,4,331,99,0,5,0,0,0,0,0,0,0,1,8,7,10,0,10
12,629.949,8,6,7,6,17623,0,0,6,10,0,0,6,0,0,0,0,0,0,1,14,15
2,100.042,9,5,8,5,17623,0,0,5,7,0,0,10,0,0,0,0,0,0,3,7,10
95,528.804,25,19,22,19,115,96,66,19,146,8,12,46,0,0,1,0,2,1,43,128,171
26,178.094,20,15,17,15,17623,0,0,15,108,0,0,45,0,0,0,0,0,0,42,63,105
3,716.192,6,3,0,2,97,40,4,3,0,0,0,2,0,0,0,0,0,3,3,0,3
35,546.341,25,14,23,14,17623,0,0,14,85,9,1,52,0,0,2,0,0,0,29,62,91
3,262.943,5,4,5,4,17623,0,0,4,1,0,0,6,0,0,0,0,0,2,3,3,6
14,270.754,7,3,4,3,17623,0,0,3,0,1,0,6,0,0,0,0,0,4,2,1,3
1,538.851,8,3,3,2,331,99,0,3,0,0,0,0,0,0,0,0,0,7,3,0,3
4,204.453,6,5,5,5,17623,0,0,5,6,0,0,5,0,0,0,0,0,1,2,8,10
1,200.657,6,3,5,3,17623,0,0,3,1,0,0,6,0,0,1,0,0,0,2,1,3
1,200.662,5,3,3,3,17623,0,0,3,1,0,0,6,0,0,0,0,0,0,2,1,3
5,195.489,6,3,4,3,17623,0,0,3,2,0,0,7,0,0,0,0,0,0,3,0,3
1,546.197,5,3,3,3,17623,0,0,3,0,0,0,2,0,0,1,0,0,0,1,2,3
4,194.155,5,3,4,3,17623,0,0,3,1,0,0,3,0,0,0,0,0,1,1,2,3
1,535.107,5,3,3,2,331,99,0,3,0,0,0,0,0,0,0,0,0,5,3,0,3
2,194.105,5,3,3,3,17623,0,0,3,1,0,0,5,0,0,0,0,0,0,2,1,3
53,223.45,25,16,24,16,331,99,0,16,96,2,6,47,0,0,0,0,2,2,35,85,120
2,187.308,7,4,6,4,17623,0,0,4,5,0,0,8,0,0,0,0,0,0,4,2,6
2,349.94,7,4,5,4,17623,0,0,4,3,0,0,6,0,0,0,0,0,0,2,4,6
2,259.23,8,6,6,6,17623,0,0,6,10,0,0,7,0,0,0,0,0,0,1,14,15
10,523.177,6,4,1,3,331,99,0,4,0,0,0,0,0,0,0,0,0,9,6,0,6
5,178.104,19,6,17,6,17623,0,0,6,20,2,3,25,0,0,1,0,2,0,15,0,15
2,162.966,5,3,2,3,17623,0,0,3,0,0,0,4,0,0,0,0,0,1,3,0,3
2,174.099,6,3,3,3,17623,0,0,3,0,1,0,5,0,0,3,0,0,0,2,1,3
7,428.105,15,5,12,5,17623,0,0,5,5,4,0,17,0,0,5,0,0,5,10,0,10
7,170.089,6,4,3,4,17623,0,0,4,1,0,0,7,0,0,0,0,0,2,5,1,6
3,151.428,3,3,1,3,17623,0,0,3,0,0,1,1,0,0,0,0,1,0,2,1,3
2,693.873,4,3,0,2,97,40,4,3,0,0,0,0,0,0,0,0,0,3,3,0,3
1,50.19,4,3,3,3,17623,0,0,3,1,0,0,4,0,0,0,0,0,0,2,1,3
5,3.226,8,7,6,6,16,488,486,7,15,0,0,12,0,0,0,0,0,0,6,15,21
3,367.224,6,4,2,3,331,99,0,4,0,0,0,3,0,0,0,0,0,5,5,1,6
5,266.319,15,4,4,3,249,375,145,4,0,0,0,12,0,0,0,0,0,19,6,0,6
2,40.699,3,3,2,3,17623,0,0,3,1,0,0,2,0,0,0,0,0,0,0,3,3
2,269.904,4,4,3,4,17623,0,0,4,3,0,0,3,0,0,0,0,0,0,0,6,6
5,369.897,5,4,3,3,331,99,0,4,0,0,1,4,0,0,0,0,2,1,5,1,6
79,261.282,25,18,24,18,331,99,0,18,150,0,8,32,0,0,0,0,0,0,23,130,153
1,273.946,4,3,1,2,9,18,16,3,0,0,0,2,0,0,0,0,0,2,1,2,3
3,575.034,5,5,4,5,17623,0,0,5,1,0,0,6,0,0,0,0,0,3,4,6,10
3,467.4,11,5,4,4,249,375,145,5,0,1,2,2,0,1,2,1,7,7,7,3,10
1,617.931,4,3,2,3,17623,0,0,3,0,0,0,0,0,0,0,0,2,1,3,0,3
192,229.233,25,19,21,19,5,0,0,19,124,1,11,40,0,0,2,0,2,3,3,168,171
569,131.345,25,21,23,21,331,99,0,21,197,0,0,63,0,0,0,0,0,1,62,148,210
8,109.662,7,6,4,6,17623,0,0,6,6,0,0,12,0,0,0,0,0,1,5,10,15
5,587.132,6,3,2,2,249,375,145,3,0,0,0,2,0,0,0,0,0,5,3,0,3
5,86.395,9,6,8,6,17623,0,0,6,17,0,0,5,0,0,0,0,0,0,5,10,15
50,104.846,25,21,25,21,9,18,16,21,247,0,0,0,0,0,0,0,0,0,37,173,210
50,109.671,22,20,21,20,17623,0,0,20,145,4,4,47,0,0,0,0,0,2,31,159,190
3,369.861,4,3,3,2,331,99,0,3,0,0,0,2,0,0,0,0,0,1,2,1,3
8,391.449,9,6,8,6,17623,0,0,6,9,1,0,6,0,0,2,0,0,1,5,10,15
8,632.17,11,11,10,11,17623,0,0,11,28,0,8,16,0,0,0,0,2,1,2,53,55
5,690.362,13,10,11,10,17623,0,0,10,10,0,3,27,0,0,0,0,3,9,17,28,45
3,789.249,4,4,0,4,17623,0,0,4,0,0,0,0,0,0,0,0,0,5,5,1,6
2,71.836,4,3,3,3,17623,0,0,3,0,0,0,1,0,0,1,0,1,1,1,2,3
8,797.923,7,6,1,5,8,2,0,6,2,0,0,11,0,0,0,0,0,5,10,5,15
32,661.236,25,15,18,14,118,84,22,15,75,13,0,68,0,0,12,0,0,11,44,61,105
2,461.902,12,9,8,8,331,99,0,9,6,0,4,16,0,0,0,0,4,12,15,21,36
6,408.976,5,3,3,2,15,5,4,3,1,0,0,4,0,0,0,0,0,0,1,2,3
2,460.025,11,5,5,4,331,99,0,5,0,0,0,10,0,0,0,0,0,11,10,0,10
4,563.17,9,6,4,5,249,375,145,6,2,0,0,8,0,0,0,0,2,1,6,9,15
59,700.558,25,20,23,20,17,17,5,20,145,7,11,54,0,0,1,0,2,3,68,122,190
4,842.65,7,6,3,5,249,375,145,6,2,0,0,9,0,0,0,0,0,3,8,7,15
9,177.837,16,6,13,6,17623,0,0,6,11,2,5,19,0,0,1,0,5,7,9,6,15
11,467.448,5,3,1,2,249,375,145,3,0,0,0,2,0,0,0,0,0,3,1,2,3
0,371.088,6,3,2,2,331,99,0,3,0,0,0,0,0,0,0,0,0,5,3,0,3
4,52.889,8,4,7,4,17623,0,0,4,1,0,7,3,0,0,1,0,2,1,5,1,6
7,804.929,11,3,9,3,17623,0,0,3,0,0,0,10,0,0,0,0,1,0,3,0,3
2,673.362,5,5,4,5,17623,0,0,5,0,0,1,5,0,0,0,0,0,3,3,7,10
21,586.455,12,10,10,10,17623,0,0,10,24,1,5,16,0,1,1,0,1,2,10,35,45
5,297.273,6,5,3,4,40,111,100,5,3,0,0,9,0,0,0,0,0,2,4,6,10
79,168.236,25,16,22,15,249,375,145,16,106,12,21,33,0,0,4,0,2,2,41,79,120
10,539.412,10,6,4,5,97,40,4,6,5,0,0,16,0,0,0,0,0,5,9,6,15
6,467.415,7,3,1,2,249,375,145,3,0,0,0,2,0,0,0,0,0,5,1,2,3
1,173.983,8,4,4,4,17623,0,0,4,1,0,0,8,0,0,0,0,0,1,4,2,6
9,790.89,12,4,12,4,17623,0,0,4,2,1,1,10,0,0,2,0,1,0,3,3,6
5,167.216,7,6,4,6,17623,0,0,6,6,0,0,10,0,0,0,0,0,1,5,10,15
294,692.008,25,25,23,25,5,0,0,25,253,0,0,46,0,0,0,0,0,1,10,290,300
23,680.134,19,12,18,12,17623,0,0,12,24,5,2,33,0,0,3,0,3,4,8,58,66
1,248.159,3,3,0,3,17623,0,0,3,0,0,0,0,0,0,0,0,0,3,3,0,3
4,524.425,10,4,4,3,249,375,145,4,0,0,0,0,0,0,0,0,3,12,5,1,6
4,55.282,4,4,3,4,17623,0,0,4,3,1,2,0,0,0,0,0,0,0,0,6,6
1,418.59,4,3,3,2,331,99,0,3,0,0,0,3,0,0,0,0,0,1,2,1,3
10,649.251,12,7,5,6,249,375,145,7,5,0,0,19,0,0,0,0,0,17,6,15,21
2,522.915,6,3,1,2,249,375,145,3,0,0,0,5,0,0,0,0,0,4,2,1,3
9,522.359,13,6,4,5,249,375,145,6,1,0,0,15,0,0,0,0,0,22,10,5,15
28,751.294,17,15,15,14,115,96,66,15,45,0,0,54,0,0,0,0,0,12,24,81,105
6,467.445,7,3,1,2,249,375,145,3,0,0,0,2,0,0,0,0,0,5,1,2,3
4,408.002,3,3,0,2,97,40,4,3,0,0,0,0,0,0,0,0,0,3,3,0,3
75,685.892,25,22,20,21,57,255,183,22,170,5,9,54,0,0,0,0,1,3,27,204,231
17,698.985,13,13,13,13,17623,0,0,13,66,0,0,12,0,0,0,0,0,0,0,78,78
1,545.356,5,3,1,2,57,255,183,3,0,0,0,4,0,0,0,0,0,3,2,1,3
2,304.494,3,3,2,3,17623,0,0,3,0,0,0,2,0,0,0,0,0,1,1,2,3
96,558.108,19,15,16,15,17623,0,0,15,93,3,1,22,0,0,0,0,0,0,15,90,105
1,22.157,5,4,2,4,17623,0,0,4,1,0,1,5,0,0,0,0,1,1,3,3,6
18,833.058,13,9,6,8,92,138,8,9,3,0,0,20,0,0,7,0,0,20,18,18,36
11,765.206,13,11,11,10,331,99,0,11,36,0,0,22,0,0,0,0,0,1,4,51,55
10,207.428,12,12,11,12,17623,0,0,12,41,2,8,14,0,0,0,0,1,0,1,65,66
3,785.763,4,4,0,3,17,17,5,4,0,0,0,0,0,0,0,0,0,5,4,2,6
132,170.128,10,8,7,8,17623,0,0,8,9,1,0,17,0,0,0,0,0,5,10,18,28
1,270.185,6,4,4,4,17623,0,0,4,2,0,0,6,0,0,0,0,0,1,4,2,6
33,112.747,25,15,25,15,331,99,0,15,88,2,10,38,0,0,2,0,1,2,34,71,105
1,39.988,3,3,0,3,17623,0,0,3,0,0,0,0,0,0,0,0,2,1,3,0,3
3,501.31,5,4,3,4,17623,0,0,4,1,0,0,3,0,0,0,0,0,2,3,3,6
2,119.323,10,5,6,4,122,292,277,5,2,2,2,8,0,0,3,0,1,3,9,1,10
2,396.216,6,3,5,2,331,99,0,3,0,0,0,2,0,0,1,0,0,3,2,1,3
1,541.183,5,4,2,4,97,40,4,4,0,0,0,2,0,0,0,0,0,4,4,2,6
7,245.255,10,8,8,8,17623,0,0,8,11,0,0,17,0,0,0,0,0,3,10,18,28
5,288.075,4,4,2,4,17623,0,0,4,1,0,0,4,0,0,0,0,0,1,2,4,6
1,374.045,4,3,2,2,331,99,0,3,0,0,0,0,0,0,0,0,0,4,3,0,3
1,53.227,6,3,0,2,57,255,183,3,0,0,0,2,0,0,0,0,1,4,2,1,3
1,383.469,5,4,3,3,331,99,0,4,0,1,0,3,0,0,0,0,0,4,5,1,6
4,369.891,6,3,4,2,331,99,0,3,0,0,0,3,0,0,0,0,0,1,3,0,3
5,227.871,6,6,4,5,40,111,100,6,6,0,0,8,0,0,0,0,0,1,5,10,15
2,370.73,4,3,2,2,331,99,0,3,0,0,0,0,0,0,0,0,0,4,3,0,3
2,373.909,4,3,2,2,331,99,0,3,0,0,0,0,0,0,0,0,0,4,3,0,3
4,438.926,9,5,6,4,331,99,0,5,3,0,0,8,0,0,0,0,0,1,5,5,10
11,173.099,25,6,22,5,249,375,145,6,1,0,0,16,0,0,6,0,11,23,6,9,15
1,368.233,5,3,2,2,331,99,0,3,0,0,0,0,0,0,0,0,0,5,3,0,3
3,792.277,7,7,4,7,17623,0,0,7,3,0,0,11,0,0,0,0,0,5,10,11,21
6,469.668,6,3,3,2,331,99,0,3,0,0,0,2,0,0,0,0,0,1,1,2,3
4,45.184,9,4,4,3,122,292,277,4,0,0,0,10,0,0,0,0,0,7,6,0,6
3,476.625,5,4,2,3,331,99,0,4,0,0,0,0,0,0,0,0,0,7,6,0,6
79,378.516,15,11,12,11,17623,0,0,11,19,1,6,33,0,0,4,0,7,11,26,29,55
5,363.143,8,4,3,3,331,99,0,4,0,0,0,4,0,0,0,0,0,7,5,1,6
105,655.92,9,8,7,8,17623,0,0,8,15,0,6,7,0,0,0,0,0,0,6,22,28
142,224.953,25,22,24,22,49,8,6,22,223,18,0,24,0,0,0,0,0,0,55,176,231
1731,109.699,25,13,23,13,17623,0,0,13,46,29,0,37,0,0,4,0,0,2,28,50,78
1,356.121,8,5,5,4,331,99,0,5,3,0,0,9,0,0,0,0,1,4,10,0,10
5,736.755,14,8,11,7,331,99,0,8,13,0,0,19,0,0,0,0,0,7,13,15,28
401,512.236,25,17,23,17,17623,0,0,17,136,11,8,33,0,0,0,0,0,0,50,86,136
8,539.511,6,5,4,5,17623,0,0,5,3,0,0,7,0,0,0,0,0,1,6,4,10
2,349.152,11,7,8,6,331,99,0,7,5,2,1,14,0,0,2,0,1,6,12,9,21
5,601.633,7,4,5,4,17623,0,0,4,0,1,0,4,0,0,1,0,0,1,3,3,6
2,546.704,9,6,6,6,17623,0,0,6,7,0,0,11,0,0,0,0,0,1,5,10,15
4,347.128,7,4,2,3,331,99,0,4,0,0,0,3,0,0,0,0,0,6,4,2,6
1,347.128,4,3,1,2,331,99,0,3,0,0,0,0,0,0,0,0,0,4,3,0,3
1,342.753,4,3,1,2,331,99,0,3,0,0,0,0,0,0,0,0,0,4,3,0,3
327,412.574,25,23,24,23,17623,0,0,23,262,0,0,24,0,0,0,0,0,0,33,220,253
4,247.359,8,7,6,7,17623,0,0,7,8,0,0,14,0,0,0,0,0,3,11,10,21
13,461.42,25,21,22,21,71,33,6,21,149,16,15,47,0,0,1,0,2,2,41,169,210
1,339.74,5,4,2,3,331,99,0,4,0,0,0,4,0,0,0,0,0,4,5,1,6
5,338.982,4,3,1,2,331,99,0,3,0,0,0,0,0,0,0,0,0,4,3,0,3
9,81.439,19,6,16,6,17623,0,0,6,18,3,4,20,0,0,4,0,2,2,13,2,15
3,337.184,9,3,5,2,331,99,0,3,0,0,0,0,0,0,0,0,0,6,3,0,3
22,694.732,22,9,16,8,90,120,103,9,12,9,6,32,2,0,10,0,6,7,18,18,36
1,347.968,17,4,7,3,249,375,145,4,5,0,0,17,0,0,0,0,0,0,3,3,6
24,319.426,16,10,15,9,331,99,0,10,18,0,6,27,0,0,0,0,3,6,13,32,45
5,293.056,4,3,1,2,331,99,0,3,0,0,0,0,0,0,0,0,0,4,3,0,3
6,437.947,11,4,5,3,118,84,22,4,1,0,0,13,0,0,0,0,0,4,5,1,6
6,631.233,10,8,7,7,115,96,66,8,10,0,0,15,0,0,0,0,0,5,7,21,28
1,33.991,3,3,1,3,17623,0,0,3,0,0,0,0,0,0,0,0,0,3,2,1,3
2,777.421,6,4,2,4,17623,0,0,4,0,1,0,4,0,0,1,0,1,1,4,2,6
1049,168.65,25,22,24,22,17623,0,0,22,216,0,0,24,0,0,0,0,0,0,19,212,231
3,569.494,5,4,2,3,6,4,0,4,2,1,0,4,0,0,0,0,0,0,1,5,6
1,12.086,5,3,2,2,122,292,277,3,0,0,0,4,0,0,0,0,0,2,3,0,3
2,62.918,9,4,8,4,17623,0,0,4,7,2,0,4,0,0,1,0,0,0,4,2,6
2,28.252,3,3,2,3,17623,0,0,3,1,0,0,2,0,0,0,0,0,0,0,3,3
2,218.415,5,3,1,3,17623,0,0,3,0,0,0,4,0,0,0,0,0,3,2,1,3
3,421.244,6,3,1,2,249,375,145,3,0,0,0,2,0,0,0,0,0,4,1,2,3
4,377.079,11,4,5,3,249,375,145,4,4,0,0,9,0,0,0,0,0,0,3,3,6
11,308.809,8,5,5,4,331,99,0,5,2,0,0,12,0,0,0,0,0,5,9,1,10
16,336.336,7,7,5,7,17623,0,0,7,10,0,5,5,0,0,0,0,1,0,2,19,21
4,417.068,18,7,8,6,249,375,145,7,17,0,0,34,0,0,0,0,0,0,8,13,21
21,307.233,10,7,6,7,17623,0,0,7,15,0,0,16,0,0,0,0,0,0,6,15,21
3,299.915,9,4,4,3,331,99,0,4,0,0,0,8,0,0,0,0,0,6,5,1,6
5,412.922,15,6,9,5,118,84,22,6,1,0,0,14,0,0,0,0,0,14,6,9,15
1,18.571,4,4,3,4,17623,0,0,4,3,0,0,3,0,0,0,0,0,0,1,5,6
6,745.958,14,11,8,10,17,17,5,11,20,0,0,45,0,0,0,0,0,17,37,18,55
4,48.744,3,3,2,2,122,292,277,3,1,0,0,2,0,0,0,0,0,0,0,3,3
11,445.423,15,12,13,11,57,255,183,12,63,0,3,15,0,0,0,0,0,0,15,51,66
2,279.358,4,3,2,2,331,99,0,3,0,0,0,0,0,0,0,0,0,4,3,0,3
407,96.823,25,23,24,23,17623,0,0,23,245,0,0,24,0,0,0,0,0,0,8,245,253
1,279.347,7,4,3,3,331,99,0,4,0,0,0,3,0,0,0,0,0,6,4,2,6
9,293.129,4,3,2,2,331,99,0,3,0,0,0,0,0,0,0,0,0,4,3,0,3
205,216.262,22,21,20,21,17623,0,0,21,141,18,12,24,0,0,0,0,0,1,9,201,210
2825,4.009,25,21,24,21,17623,0,0,21,212,0,5,41,0,0,0,0,1,0,58,152,210
4,279.344,4,3,2,2,331,99,0,3,0,0,0,2,0,0,0,0,0,2,3,0,3
1,265.494,5,3,2,2,2,4,0,3,2,0,0,4,0,0,0,0,0,0,3,0,3
76,318.146,25,25,23,25,17623,0,0,25,253,0,0,46,0,0,0,0,1,0,1,299,300
3,143.36,5,3,2,2,122,292,277,3,0,0,0,4,0,0,0,0,0,2,3,0,3
2,143.351,4,3,1,2,122,292,277,3,0,0,0,2,0,0,0,0,0,2,1,2,3
48,8.759,25,19,24,19,17623,0,0,19,173,0,0,40,0,0,0,0,0,1,42,129,171
4,1.814,25,3,24,3,17623,0,0,3,0,0,0,6,0,0,2,0,3,16,3,0,3
681,2.997,25,24,24,24,17623,0,0,24,260,0,0,24,0,0,0,0,0,0,32,244,276
18,644.847,25,15,21,14,104,18,6,15,63,6,8,46,0,0,2,0,5,5,26,79,105
2,434.526,6,4,3,3,331,99,0,4,2,0,0,6,0,0,0,0,0,0,2,4,6
6,390.2,7,3,2,2,249,375,145,3,0,0,0,6,0,0,0,0,0,4,3,0,3
1503,44.704,25,25,24,25,17623,0,0,25,231,32,12,22,0,1,2,0,0,0,21,279,300
10,390.012,14,7,10,6,118,84,22,7,9,0,1,31,0,0,0,0,2,6,11,10,21
11,217.315,6,3,1,2,57,255,183,3,0,0,0,0,0,0,0,0,0,8,3,0,3
3,275.847,6,4,1,3,331,99,0,4,0,0,0,3,0,0,0,0,2,4,3,3,6
9,492.96,20,7,13,6,249,375,145,7,14,0,5,23,0,0,3,0,4,0,9,12,21
56,142.391,25,20,24,20,17623,0,0,20,208,0,0,36,0,0,0,0,0,1,41,149,190
415,136.408,25,20,23,20,1,0,0,20,180,10,3,48,0,0,2,0,0,2,19,171,190
86,109.001,25,17,23,17,6,0,0,17,186,2,0,24,0,0,0,0,0,0,48,88,136
10,130.496,25,8,24,8,17623,0,0,8,17,1,2,37,0,0,3,0,4,19,14,14,28
3,273.153,5,4,3,3,331,99,0,4,1,0,0,5,0,0,0,0,0,2,5,1,6
6,378.334,16,4,6,3,249,375,145,4,4,0,0,20,0,0,0,0,0,0,4,2,6
10,441.548,17,9,13,8,331,99,0,9,8,7,2,23,0,0,6,0,2,10,13,23,36
55,234.876,25,19,21,18,6,4,0,19,148,2,0,54,0,0,0,0,0,2,51,120,171
59,212.838,17,16,16,16,17623,0,0,16,97,6,8,14,0,0,0,0,1,0,9,111,120
169,214.52,25,24,25,24,17623,0,0,24,279,0,0,0,0,0,0,0,0,0,3,273,276
3,151.859,4,3,4,3,17623,0,0,3,1,0,0,2,0,0,0,0,0,0,0,3,3
3,56.75,4,3,3,3,17623,0,0,3,2,0,0,2,0,0,0,0,0,0,1,2,3
2,34.901,5,4,4,4,17623,0,0,4,4,0,0,4,0,0,0,0,0,0,2,4,6
119,126.355,25,21,25,21,17623,0,0,21,238,0,0,0,0,0,0,0,0,0,24,186,210
19,271.74,20,13,17,12,331,99,0,13,67,10,0,20,0,0,1,0,0,0,24,54,78
325,275.813,25,20,22,20,17623,0,0,20,153,0,0,76,0,0,0,0,0,1,31,159,190
10,662.022,14,9,11,9,56,0,0,9,21,0,0,20,0,0,0,0,1,2,9,27,36
7,342.511,6,4,1,3,92,138,8,4,2,0,0,7,0,0,0,0,0,1,4,2,6
34,240.29,25,21,23,20,92,138,8,21,217,5,4,30,0,0,2,0,1,0,31,179,210
2,338.295,7,3,2,2,249,375,145,3,1,0,0,6,0,0,0,0,0,0,1,2,3
4,331.169,5,3,1,2,118,84,22,3,0,0,0,4,0,0,0,0,0,3,2,1,3
4,217.895,4,3,2,2,331,99,0,3,0,0,0,0,0,0,0,0,0,4,3,0,3
3,668.071,4,3,2,3,17623,0,0,3,0,0,0,2,0,0,0,0,0,2,1,2,3
2,217.916,4,3,3,2,331,99,0,3,0,0,0,0,0,0,0,0,0,4,3,0,3
58,302.811,25,21,24,21,40,1,0,21,178,0,0,54,0,0,0,0,0,2,24,186,210
5,315.768,8,3,1,2,21,126,117,3,0,0,0,5,0,0,0,0,0,6,2,1,3
2,8.16,5,3,3,3,17623,0,0,3,0,0,0,4,0,0,0,0,0,3,2,1,3
5,285.712,5,5,3,5,17623,0,0,5,3,0,0,6,0,0,0,0,0,1,0,10,10
5,100.632,5,3,2,2,57,255,183,3,1,0,0,6,0,0,0,0,0,0,2,1,3
3,51.926,3,3,2,2,331,99,0,3,0,0,0,0,0,0,0,0,0,3,3,0,3
8,153.989,25,9,24,9,331,99,0,9,19,0,10,30,0,1,6,0,10,3,17,19,36
80,15.858,25,15,24,14,249,375,145,15,151,25,13,21,0,2,2,0,1,0,32,73,105
6,295.237,5,3,2,2,118,84,22,3,0,0,0,4,0,0,0,0,0,2,3,0,3
6,352.545,10,6,6,5,118,84,22,6,3,1,1,7,0,0,1,0,0,3,2,13,15
6,292.213,6,4,3,3,249,375,145,4,1,0,0,8,0,0,0,0,0,2,3,3,6
2,129.851,4,3,2,3,17623,0,0,3,0,0,0,2,0,0,0,0,0,1,2,1,3
1860,103.88,25,18,24,17,90,120,103,18,198,0,0,24,0,0,0,0,0,0,44,109,153
1,285.832,4,3,2,2,249,375,145,3,0,0,0,3,0,0,0,0,0,2,2,1,3
1,135.855,4,3,3,2,331,99,0,3,0,0,0,3,0,0,0,0,0,1,3,0,3
1,165.977,4,3,1,2,331,99,0,3,0,0,0,0,0,0,0,0,2,2,2,1,3
13,271.522,5,4,2,3,92,138,8,4,1,0,0,6,0,0,0,0,0,2,3,3,6
16,601.948,9,6,8,6,17623,0,0,6,6,4,0,8,0,0,1,0,0,0,7,8,15
2,108.643,4,4,3,3,331,99,0,4,1,0,0,4,0,0,0,0,0,1,2,4,6
17,163.19,7,5,6,4,331,99,0,5,5,0,3,6,0,0,0,0,1,0,6,4,10
5,399.489,13,6,7,5,10,5,0,6,17,1,0,11,0,0,1,0,0,0,6,9,15
1,135.92,11,4,10,3,331,99,0,4,1,0,0,10,0,0,1,0,0,1,4,2,6
2,158.023,9,5,6,4,331,99,0,5,2,0,0,6,0,0,0,0,1,4,8,2,10
6,151.942,5,3,4,2,331,99,0,3,0,0,0,4,0,0,0,0,0,1,3,0,3
3,594.167,7,5,4,4,331,99,0,5,1,0,0,6,0,0,0,0,0,5,5,5,10
2,141.474,5,3,4,2,331,99,0,3,0,0,0,3,0,0,0,0,0,1,2,1,3
1,137.043,5,3,2,2,331,99,0,3,0,0,0,0,0,0,1,0,3,1,3,0,3
31,455.229,20,16,16,15,115,96,66,16,61,6,6,60,0,1,0,0,3,6,17,103,120
6,241.485,10,5,6,4,92,138,8,5,0,1,0,15,0,0,2,0,0,8,10,0,10
1,132.862,5,3,4,2,331,99,0,3,0,0,0,4,0,0,0,0,0,1,3,0,3
2,132.082,4,3,2,2,331,99,0,3,0,0,0,0,0,0,0,0,0,4,2,1,3
9,122.029,4,3,3,2,331,99,0,3,0,0,0,3,0,0,0,0,0,1,3,0,3
2,122.015,5,3,3,2,331,99,0,3,0,0,0,0,0,0,0,0,0,5,3,0,3
22,234.17,19,7,13,6,118,84,22,7,9,1,1,25,0,0,3,0,1,5,12,9,21
6,305.806,5,4,2,3,97,40,4,4,0,0,0,4,0,0,0,0,0,4,4,2,6
412,59.417,25,20,25,20,2,0,0,20,194,4,23,0,0,0,0,0,0,0,25,165,190
1,122.062,4,3,3,2,331,99,0,3,0,0,0,3,0,0,0,0,0,1,3,0,3
8,389.353,5,5,5,5,17623,0,0,5,6,0,0,4,0,0,0,0,0,0,0,10,10
2,229.431,4,3,1,2,21,126,117,3,0,0,0,3,0,0,0,0,0,1,3,0,3
1,122.017,6,4,5,3,331,99,0,4,0,0,0,2,0,0,1,0,0,5,6,0,6
60,410.535,25,22,23,21,331,99,0,22,202,0,0,45,0,0,0,0,0,2,18,213,231
4,160.686,9,5,4,4,77,114,21,5,0,0,0,0,0,0,0,0,0,15,8,2,10
17,391.358,25,8,16,7,249,375,145,8,20,0,1,53,0,0,1,0,1,17,18,10,28
3,24.705,13,3,8,2,10,69,65,3,1,0,0,5,0,0,2,0,4,4,3,0,3
19,563.221,10,10,10,10,17623,0,0,10,45,0,0,0,0,0,0,0,0,0,0,45,45
7,295.083,6,4,4,4,97,40,4,4,1,0,0,8,0,0,0,0,0,3,5,1,6
8,306.595,11,5,9,5,118,84,22,5,14,0,0,12,0,0,0,0,0,0,8,2,10
2,220.261,6,3,1,2,118,84,22,3,0,0,0,5,0,0,0,0,0,4,2,1,3
4,74.17,3,3,1,2,331,99,0,3,0,0,0,2,0,0,0,0,0,1,1,2,3
33,129.245,21,17,20,17,40,111,100,17,122,14,11,25,0,1,0,0,1,0,29,107,136
2,215.018,7,4,4,3,2,4,0,4,2,0,0,6,0,0,1,0,0,1,6,0,6
246,110.065,25,24,25,24,92,138,8,24,229,35,1,21,1,0,2,0,0,0,13,263,276
1,215.944,4,3,1,2,118,84,22,3,0,0,0,2,0,0,0,0,0,3,3,0,3
2,143.171,5,3,5,3,17623,0,0,3,4,2,0,0,0,0,0,0,0,0,3,0,3
8,331.093,13,5,7,4,57,255,183,5,16,0,0,17,0,0,3,0,0,0,8,2,10
29,523.207,22,18,20,17,331,99,0,18,126,0,0,39,0,0,0,0,0,2,13,140,153
1,102.837,3,3,2,2,331,99,0,3,0,0,0,0,0,0,0,0,0,3,3,0,3
1,102.818,5,3,3,2,331,99,0,3,0,0,0,3,0,0,0,0,0,1,2,1,3
9,211.981,13,5,7,4,92,138,8,5,1,0,4,9,0,0,2,0,2,4,7,3,10
35,93.489,4,3,3,2,331,99,0,3,0,0,0,3,0,0,0,0,0,1,2,1,3
4,479.279,5,5,3,4,92,138,8,5,3,0,0,6,0,0,0,0,0,1,2,8,10
4,10.111,7,3,3,2,57,255,183,3,1,0,0,7,0,0,0,0,0,0,2,1,3
25,281.011,10,8,10,8,17623,0,0,8,38,0,0,0,0,0,0,0,0,0,5,23,28
4,251.201,22,7,11,6,92,138,8,7,13,0,2,26,0,0,0,0,2,8,6,15,21
22,226.8,19,8,13,7,104,18,6,8,22,0,4,23,0,0,1,0,3,2,6,22,28
19,230.484,6,4,2,3,118,84,22,4,0,0,0,3,0,0,0,0,0,5,3,3,6
2,371.686,5,5,4,4,331,99,0,5,3,0,0,6,0,0,0,0,0,1,1,9,10
783,47.056,25,15,25,15,17623,0,0,15,138,14,19,0,0,3,0,0,0,0,27,78,105
1,53.014,5,3,4,2,331,99,0,3,0,0,0,0,0,0,0,0,3,2,3,0,3
1,84.15,3,3,2,2,331,99,0,3,0,0,0,0,0,0,0,0,1,2,3,0,3
5,328.094,14,6,8,5,92,138,8,6,8,0,0,27,0,0,0,0,0,6,8,7,15
108,117.936,25,16,25,16,36,6,2,16,157,13,0,0,0,0,0,0,0,0,33,87,120
1,187.21,6,3,1,2,249,375,145,3,0,0,0,0,0,0,0,0,0,6,2,1,3
1,368.033,9,4,1,3,97,40,4,4,0,0,0,3,0,0,0,0,2,10,3,3,6
57,366.453,19,15,16,14,104,18,6,15,87,0,0,46,0,0,0,0,0,3,31,74,105
2,67.038,11,4,10,3,331,99,0,4,0,0,1,8,0,0,2,0,1,1,6,0,6
1,70.365,3,3,2,2,331,99,0,3,0,0,0,0,0,0,0,0,1,2,1,2,3
4,42.904,5,3,2,2,4,3,1,3,6,0,0,0,0,0,0,0,0,0,3,0,3
33,341.85,25,18,23,17,331,99,0,18,145,0,0,41,0,0,0,0,0,1,35,118,153
23,376.001,9,8,9,8,17623,0,0,8,14,1,0,13,0,0,0,0,0,1,7,21,28
5,391.793,11,6,6,5,92,138,8,6,8,0,0,15,0,0,0,0,0,4,5,10,15
11,14.3,10,4,9,4,17623,0,0,4,0,2,0,11,0,0,2,0,1,2,4,2,6
3,123.567,6,5,5,4,331,99,0,5,3,0,0,7,0,0,0,0,0,1,2,8,10
7,364.387,14,9,11,8,5,5,0,9,15,10,2,31,0,1,4,0,0,2,21,15,36
7234,147.455,25,17,25,17,36,6,2,17,156,21,0,0,0,0,0,0,0,0,19,117,136
2,71.309,8,4,4,3,57,255,183,4,3,0,0,12,0,0,0,0,0,0,3,3,6
11,158.818,11,5,6,4,249,375,145,5,6,0,0,10,0,0,0,0,0,0,1,9,10
2,161.091,7,3,2,2,118,84,22,3,0,0,0,4,0,0,0,0,0,4,3,0,3
3,515.301,10,7,9,6,122,292,277,7,10,0,0,22,0,0,0,0,0,4,6,15,21
56,6.438,25,10,21,9,92,138,8,10,27,18,0,48,1,0,7,0,0,9,32,13,45
1,50.314,3,3,2,2,331,99,0,3,0,0,0,0,0,0,0,0,0,3,3,0,3
1,50.299,7,3,6,2,331,99,0,3,0,0,0,0,0,0,0,0,0,6,3,0,3
3,182.862,5,3,5,3,17623,0,0,3,3,0,0,2,0,0,0,0,0,0,1,2,3
16,495.964,23,12,16,11,118,84,22,12,42,0,0,32,0,0,4,0,4,6,11,55,66
102,182.689,25,20,25,20,17623,0,0,20,161,49,4,0,1,0,0,0,0,0,24,166,190
1,41.06,6,3,5,2,331,99,0,3,0,0,0,5,0,0,0,0,0,1,3,0,3
1,46.145,5,3,4,2,331,99,0,3,0,0,0,0,0,0,0,0,0,5,3,0,3
1,46.15,3,3,2,2,331,99,0,3,0,0,0,0,0,0,0,0,0,3,3,0,3
1,44.285,3,3,2,2,331,99,0,3,0,0,0,0,0,0,0,0,0,3,3,0,3
12,225.884,13,6,7,5,24,45,39,6,4,0,0,17,0,0,0,0,0,6,9,6,15
54,224.144,25,13,22,12,97,40,4,13,52,6,2,47,0,0,2,0,2,6,31,47,78
8,78.019,15,6,13,6,23,0,0,6,1,3,1,8,0,2,5,0,5,6,15,0,15
7,241.752,6,3,3,2,19,5,3,3,4,0,0,5,0,0,0,0,0,0,3,0,3
1,0.458,3,3,2,2,40,1,0,3,1,0,0,2,0,0,0,0,0,0,0,3,3
7,144.086,11,4,4,3,249,375,145,4,5,0,0,16,0,0,0,0,0,0,5,1,6
1,210.892,7,4,3,3,57,255,183,4,3,0,0,8,0,0,0,0,0,0,3,3,6
20,305.538,15,10,9,9,118,84,22,10,23,0,0,28,0,0,0,0,0,8,11,34,45
7,385.009,11,5,10,5,23,0,0,5,6,3,0,10,0,0,0,0,0,0,6,4,10
11,190.869,7,6,5,5,57,255,183,6,10,0,0,6,0,0,0,0,0,0,4,11,15
6,230.682,8,7,4,6,97,40,4,7,9,0,0,12,0,0,0,0,0,3,3,18,21
5,200.772,4,3,1,2,249,375,145,3,0,0,0,2,0,0,0,0,0,2,1,2,3
37,158.098,25,23,25,23,17623,0,0,23,249,6,0,0,0,0,0,0,0,0,1,252,253
16,286.84,21,14,20,14,331,99,0,14,101,0,0,28,0,0,0,0,0,0,30,61,91
14,209.907,10,6,8,5,104,18,6,6,15,1,2,6,0,0,0,0,0,0,4,11,15
7,123.343,11,8,5,7,5,5,0,8,14,3,0,12,0,0,1,0,0,0,9,19,28
4,117.867,5,3,1,2,118,84,22,3,0,0,0,0,0,0,0,0,2,5,3,0,3
5,177.838,9,3,7,3,17623,0,0,3,0,0,0,6,0,0,1,0,0,2,2,1,3
4,112.328,4,3,1,2,5,5,0,3,0,1,0,3,0,0,1,0,0,0,2,1,3
10,407.968,11,11,8,10,17,17,5,11,28,0,0,23,0,0,0,0,0,2,10,45,55
37,180.598,7,6,7,6,17623,0,0,6,17,0,0,0,0,0,0,0,0,0,2,13,15
27,421.062,25,16,16,15,92,138,8,16,97,13,1,57,0,0,2,0,0,8,34,86,120
867,24.67,25,24,24,24,56,0,0,24,266,0,0,24,0,0,0,0,0,0,14,262,276
4,287.196,8,4,3,3,97,40,4,4,1,1,0,4,0,0,1,0,1,2,1,5,6
5,195.334,5,4,4,4,17623,0,0,4,2,0,1,4,0,0,0,0,0,1,2,4,6
1,132.145,6,3,1,2,92,138,8,3,0,0,0,2,0,0,0,0,0,3,1,2,3
15,116.153,21,7,10,6,92,138,8,7,10,0,0,24,0,0,0,0,0,14,16,5,21
2,220.042,12,4,4,3,249,375,145,4,2,0,0,8,0,0,0,0,0,7,6,0,6
6,160.033,6,4,2,3,249,375,145,4,1,0,0,4,0,0,0,0,0,3,1,5,6
1,87.422,9,3,2,2,57,255,183,3,0,0,0,9,0,0,0,0,0,6,3,0,3
204,21.004,25,12,24,12,23,0,0,12,41,8,9,42,0,1,2,0,2,7,16,50,66
1,157.201,3,3,0,2,97,40,4,3,0,0,0,0,0,0,2,0,0,0,2,1,3
1,157.206,3,3,0,2,97,40,4,3,0,0,0,0,0,0,2,0,0,1,1,2,3
13,125.466,6,4,5,4,40,111,100,4,3,0,0,7,0,0,0,0,0,0,3,3,6
15,238.715,15,14,12,13,57,255,183,14,59,0,0,31,0,0,2,0,0,2,8,83,91
442,98.466,25,17,18,16,92,138,8,17,116,16,0,65,0,0,8,0,0,0,30,106,136
3,15.757,13,6,6,5,57,255,183,6,7,0,0,20,0,0,0,0,0,1,3,12,15
3,148.252,14,5,10,4,40,111,100,5,2,0,1,15,0,0,1,0,3,4,6,4,10
10,120.246,10,6,6,5,57,255,183,6,6,2,4,16,0,0,1,0,4,0,7,8,15
3,253.827,12,5,5,4,92,138,8,5,1,0,0,6,0,0,0,0,0,12,3,7,10
4,120.46,6,3,3,2,249,375,145,3,0,0,0,5,0,0,0,0,0,2,3,0,3
13,72.886,23,7,11,6,92,138,8,7,24,4,0,30,0,0,2,0,0,11,11,10,21
6,301.23,10,3,3,2,249,375,145,3,1,0,0,9,0,0,0,0,0,0,1,2,3
6,217.965,11,6,8,5,97,40,4,6,8,0,0,16,0,0,0,0,0,2,6,9,15
1,42.613,3,3,2,2,40,111,100,3,0,0,0,2,0,0,0,0,0,1,1,2,3
1,7.866,5,3,1,2,118,84,22,3,0,0,0,2,0,0,0,0,0,3,1,2,3
54,321.611,18,9,11,8,92,138,8,9,31,0,5,14,0,0,0,0,3,0,7,29,36
35,72.386,6,4,3,3,57,255,183,4,3,0,0,7,0,0,0,0,0,0,2,4,6
6,0.827,6,3,6,3,17623,0,0,3,3,0,0,4,0,0,0,0,0,0,3,0,3
2,98.568,8,3,3,2,57,255,183,3,1,0,0,7,0,0,0,0,0,0,1,2,3
99,253.437,25,24,23,24,8,2,0,24,219,0,0,65,0,0,0,0,0,3,31,245,276
13,124.975,18,11,13,10,77,114,21,11,45,1,0,41,0,0,2,0,0,1,21,34,55
1,69.98,4,3,1,2,77,114,21,3,0,0,0,2,0,0,0,0,0,2,3,0,3
19,219.559,4,4,1,3,97,40,4,4,0,0,0,3,0,0,0,0,0,3,3,3,6
1,64.879,5,3,2,2,77,114,21,3,1,1,1,0,0,0,0,0,0,2,3,0,3
3,63.906,12,4,4,3,77,114,21,4,2,0,4,16,0,0,0,0,2,6,6,0,6
1,64.906,6,3,3,2,77,114,21,3,1,0,0,2,0,1,1,0,0,3,3,0,3
3,47.071,4,3,1,2,77,114,21,3,0,0,0,0,0,0,1,0,1,1,2,1,3
1,278.898,3,3,0,3,77,114,21,3,0,0,0,0,0,0,0,0,0,3,3,0,3
1,62.131,4,3,0,2,57,255,183,3,0,0,0,0,0,0,0,0,0,5,3,0,3
3,177.604,8,4,3,3,21,126,117,4,1,0,0,9,0,0,0,0,0,4,4,2,6
2,135.094,4,4,2,3,87,5,4,4,1,1,1,2,0,0,1,0,0,0,0,6,6
4,91.845,10,3,4,2,249,375,145,3,1,0,0,9,0,0,0,0,0,0,1,2,3
1,40.04,3,3,1,2,40,111,100,3,0,0,0,2,0,0,0,0,0,1,1,2,3
2,16.159,9,4,7,3,6,2,0,4,2,0,0,10,0,0,0,0,0,2,6,0,6
1,40.062,4,3,1,3,17623,0,0,3,0,0,0,3,0,0,0,0,0,2,2,1,3
2,277.931,4,3,2,3,17623,0,0,3,0,0,0,0,0,0,0,0,1,2,2,1,3
7,112.912,25,9,24,9,104,18,6,9,51,7,21,18,0,2,2,2,2,0,25,11,36
3,113.918,5,4,3,3,249,375,145,4,3,0,0,5,0,0,0,0,0,0,2,4,6
3,271.67,10,4,7,4,17623,0,0,4,0,0,0,0,0,0,0,0,3,9,6,0,6
2,124.711,6,5,5,5,17623,0,0,5,1,0,0,8,0,0,0,0,0,4,7,3,10
1,146.199,3,3,1,2,57,255,183,3,0,0,0,0,0,0,0,0,0,2,2,1,3
5,46.755,6,6,6,6,17623,0,0,6,10,0,0,5,0,0,0,0,0,0,0,15,15
15,134.125,10,6,6,5,97,40,4,6,3,1,3,7,0,0,2,0,4,3,4,11,15
2,133.138,6,4,0,3,97,40,4,4,0,0,0,0,0,0,0,0,0,9,5,1,6
1,0.245,6,3,2,2,249,375,145,3,0,0,0,2,0,0,0,0,0,4,1,2,3
2,184.123,8,3,6,2,71,33,6,3,0,0,0,7,0,0,0,0,0,2,3,0,3
6,246.748,7,5,4,4,71,33,6,5,0,0,0,5,0,0,0,0,0,11,10,0,10
3,256.818,6,3,1,2,77,114,21,3,0,0,0,0,0,0,0,0,0,6,3,0,3
4,134.192,6,3,5,3,17623,0,0,3,1,0,0,5,0,0,0,0,0,0,1,2,3
2,250.672,4,4,3,4,17623,0,0,4,0,0,0,3,0,0,0,0,0,3,5,1,6
2,249.922,4,3,1,2,77,114,21,3,0,0,0,0,0,0,0,0,0,5,3,0,3
2,169.127,6,4,3,3,71,33,6,4,0,0,0,5,0,0,0,0,0,6,5,1,6
4,247,4,3,2,3,17623,0,0,3,0,0,0,0,0,0,0,0,1,3,3,0,3
2,169.208,11,5,9,4,71,33,6,5,0,0,0,13,0,0,0,0,0,13,10,0,10
1,245.45,12,6,5,5,115,96,66,6,3,0,0,26,0,0,0,0,0,12,9,6,15
5,203.994,6,4,4,3,12,1,0,4,6,0,0,5,0,0,0,0,0,0,3,3,6
1,65.368,3,3,1,2,77,114,21,3,0,0,0,0,0,0,0,0,0,3,2,1,3
1,236.798,4,4,0,3,77,114,21,4,0,0,0,0,0,0,0,0,0,5,5,1,6
19,11.005,25,10,22,10,40,111,100,10,22,4,4,62,0,0,9,0,9,26,36,9,45
2,152.874,6,4,3,3,115,96,66,4,0,0,0,4,0,0,1,0,0,4,5,1,6
1,151.213,7,4,3,3,115,96,66,4,0,0,0,0,0,0,0,0,0,8,3,3,6
3,226.637,15,7,8,6,71,33,6,7,1,0,0,12,0,0,0,0,0,23,11,10,21
25,249.951,13,10,9,9,115,96,66,10,22,0,0,25,0,0,0,0,0,3,11,34,45
20,227.945,17,14,16,14,17623,0,0,14,47,0,9,49,0,0,0,0,1,7,30,61,91
19,75.141,25,9,13,8,92,138,8,9,31,5,0,42,0,0,4,0,0,11,17,19,36
62,220.267,11,8,8,7,40,111,100,8,11,0,4,16,0,0,0,0,2,3,13,15,28
2,92.099,6,3,1,2,97,40,4,3,0,0,0,0,0,0,0,0,0,9,3,0,3
1,211.234,7,3,2,2,115,96,66,3,0,0,0,2,0,0,0,0,0,3,1,2,3
2,125.948,15,5,8,4,249,375,145,5,3,0,0,11,0,0,1,0,1,1,7,3,10
3,140.962,10,5,7,4,71,33,6,5,0,0,0,0,0,0,0,0,3,17,10,0,10
1,260.282,8,5,5,4,115,96,66,5,1,0,0,9,0,0,0,0,0,5,6,4,10
5,197.038,5,4,2,3,71,33,6,4,0,0,0,4,0,0,0,0,0,2,5,1,6
1,208.641,5,5,3,5,17623,0,0,5,0,0,0,0,0,0,0,0,0,10,10,0,10
8,170.862,7,5,6,5,17623,0,0,5,5,0,0,8,0,0,0,0,0,2,5,5,10
3,118.059,15,6,12,5,115,96,66,6,5,0,0,23,0,0,1,0,0,4,13,2,15
11,103.137,18,10,15,9,97,40,4,10,45,5,2,26,0,0,1,0,2,2,19,26,45
1,12.728,12,4,10,3,5,5,0,4,0,1,4,5,0,1,5,0,5,1,6,0,6
2,68.613,4,3,1,2,77,114,21,3,0,0,0,0,0,0,0,0,0,4,3,0,3
1,201.76,8,4,1,3,77,114,21,4,0,0,0,0,0,0,0,0,0,9,6,0,6
2,140.638,10,3,3,2,71,33,6,3,0,0,0,4,0,0,1,0,2,1,3,0,3
2,196.143,6,4,0,3,57,255,183,4,0,0,0,0,0,0,0,0,0,7,5,1,6
11,69.485,10,7,7,6,97,40,4,7,10,0,0,15,0,0,0,0,0,2,9,12,21
1,194.841,6,5,2,5,17623,0,0,5,1,0,0,6,0,0,0,0,0,3,6,4,10
1,28.967,12,5,6,4,92,138,8,5,9,0,0,12,0,0,0,0,0,5,5,5,10
1,102.016,3,3,2,2,115,96,66,3,0,0,0,2,0,0,0,0,0,1,1,2,3
1,8.026,5,3,5,3,17623,0,0,3,1,0,0,2,0,0,0,0,0,0,0,3,3
4,49.131,7,4,5,4,17623,0,0,4,1,0,0,8,0,0,0,0,0,2,4,2,6
1,209.936,6,5,1,4,77,114,21,5,0,0,0,4,0,0,0,0,0,5,8,2,10
12,174.875,9,6,5,5,77,114,21,6,0,0,0,6,0,0,0,0,0,13,12,3,15
1,41.805,8,5,3,4,77,114,21,5,0,0,0,7,0,0,0,0,0,5,7,3,10
15,108.136,19,12,13,11,249,375,145,12,59,0,0,32,0,0,0,0,0,0,9,57,66
6,197.914,20,13,19,12,71,33,6,13,29,0,0,46,0,0,0,0,0,17,23,55,78
3,1.318,3,3,1,2,249,375,145,3,0,0,0,0,0,0,0,0,0,3,2,1,3
2,162.25,6,4,4,3,40,111,100,4,3,0,0,5,0,0,0,0,0,0,1,5,6
2,181.308,4,3,1,2,77,114,21,3,0,0,0,0,0,0,0,0,0,4,3,0,3
2,17.459,4,3,2,2,57,255,183,3,1,0,0,4,0,0,0,0,0,0,2,1,3
6,6.749,10,8,8,7,57,255,183,8,27,0,0,12,0,0,0,0,0,0,10,18,28
165,23.127,25,21,23,21,56,0,0,21,204,0,0,29,0,0,0,0,0,0,21,189,210
1,100.279,9,4,3,3,77,114,21,4,0,0,0,9,0,0,0,0,0,7,6,0,6
1,149.134,8,4,0,3,17,17,5,4,0,0,0,0,0,0,0,0,3,10,4,2,6
2,148.777,3,3,2,3,17623,0,0,3,0,0,0,2,0,0,0,0,0,1,2,1,3
1,7.426,5,3,1,2,92,138,8,3,0,0,0,2,0,0,0,0,0,3,1,2,3
2,146.821,4,3,0,2,77,114,21,3,0,0,0,0,0,0,0,0,0,4,3,0,3
8,54.801,13,5,9,4,115,96,66,5,5,0,2,12,0,0,0,0,1,1,9,1,10
1,4.473,4,3,1,2,92,138,8,3,0,0,0,2,0,0,0,0,0,2,1,2,3
1,16.009,9,5,4,4,36,6,2,5,10,2,3,6,0,0,1,0,1,0,7,3,10
1,54.667,6,3,5,2,115,96,66,3,0,0,0,3,0,1,0,0,1,0,3,0,3
6,95.486,20,13,18,12,115,96,66,13,64,7,0,26,0,0,1,0,0,0,19,59,78
10,135.626,14,5,2,4,77,114,21,5,0,0,0,15,0,0,0,0,0,22,10,0,10
2,52.691,4,3,3,2,115,96,66,3,0,1,0,1,0,0,2,0,0,0,2,1,3
1,100.299,5,3,0,2,17,17,5,3,0,0,0,0,0,0,2,0,0,3,3,0,3
1,50.061,6,4,4,3,115,96,66,4,3,0,0,3,0,0,0,0,0,0,3,3,6
1,133.922,4,3,0,2,77,114,21,3,0,0,0,0,0,0,0,0,0,4,3,0,3
1,50.068,14,3,11,2,115,96,66,3,0,0,0,4,0,0,0,0,0,11,3,0,3
3,121.578,8,5,5,4,71,33,6,5,0,0,0,0,0,0,0,0,0,10,7,3,10
6,131.756,4,3,2,2,77,114,21,3,0,0,0,0,0,0,0,0,0,3,3,0,3
1,120.067,6,4,1,3,77,114,21,4,0,0,0,0,0,0,0,0,0,8,6,0,6
2,120.519,7,5,2,4,71,33,6,5,0,0,0,6,0,0,0,0,0,12,8,2,10
5,120.75,7,4,0,3,115,96,66,4,0,0,0,0,0,0,0,0,0,15,6,0,6
1,25.98,7,5,1,4,97,40,4,5,0,0,0,4,0,0,0,0,0,9,6,4,10
5,112.667,7,6,4,5,77,114,21,6,1,0,0,8,0,0,0,0,0,5,9,6,15
1,105.943,8,5,4,4,17,17,5,5,1,0,0,13,0,0,0,0,0,5,8,2,10
1,100.333,5,4,1,3,17,17,5,4,1,0,0,4,0,0,0,0,0,2,4,2,6
7,100.334,7,4,2,3,17,17,5,4,0,0,0,7,0,0,0,0,0,2,3,3,6
3,103.886,11,5,3,4,77,114,21,5,1,0,0,9,0,0,0,0,0,9,7,3,10
23,106.644,15,11,12,11,29,5,0,11,30,0,0,29,0,0,0,0,0,4,16,39,55
2,103.07,3,3,1,2,71,33,6,3,0,0,0,0,0,0,0,0,0,2,2,1,3
7,101.266,13,8,7,7,77,114,21,8,12,0,0,22,0,0,0,0,0,3,10,18,28
19,81.583,7,3,4,2,71,33,6,3,0,0,0,0,0,0,0,0,0,8,3,0,3
15,48.096,5,4,2,3,29,5,0,4,3,2,0,3,0,0,1,0,0,0,3,3,6
115,113.446,24,18,21,18,8,2,0,18,113,1,6,59,0,0,2,0,3,4,20,133,153
1,14.844,6,5,4,4,115,96,66,5,0,0,0,6,0,0,0,0,0,6,10,0,10
3,96.027,10,6,4,5,77,114,21,6,2,1,0,13,0,0,4,0,0,5,7,8,15
2,46.703,5,3,1,2,29,5,0,3,3,0,0,4,0,0,0,0,0,0,2,1,3
1,2.665,4,3,3,3,17623,0,0,3,4,1,0,0,0,0,0,0,0,0,2,1,3
2,85.992,8,4,2,3,77,114,21,4,0,2,0,2,0,0,4,0,0,1,4,2,6
1,85.996,9,5,2,4,77,114,21,5,1,0,0,4,0,0,2,0,0,4,2,8,10
5,68.192,10,6,3,5,92,138,8,6,3,0,0,9,0,0,0,0,0,7,5,10,15
1,86.016,4,3,0,2,77,114,21,3,0,0,0,0,0,0,2,0,0,1,2,1,3
2,89.546,14,6,9,5,92,138,8,6,3,0,4,16,0,0,2,0,0,4,6,9,15
2,77.793,4,3,2,2,77,114,21,3,0,0,0,3,0,0,0,0,0,1,3,0,3
3,6.265,6,3,1,2,92,138,8,3,0,0,0,5,0,0,0,0,0,4,2,1,3
