dev_id,comments
307,9379
1646,5649
159,4366
573,3789
1441,3642
102,3322
1623,3316
205,3108
1664,3065
333,3034
440,2842
10,2829
1942,2808
1004,2230
1696,2131
446,2023
1647,1947
1917,1855
3412,1782
104,1711
1007,1691
254,1670
231,1561
389,1545
108,1462
1655,1409
485,1407
158,1403
57,1379
315,1300
1645,1295
1618,1289
576,1289
974,1253
1923,1231
7861,1231
316,1198
329,1197
4165,1092
630,1062
8223,988
103,966
13665,963
1,947
105,908
6277,844
246,820
141,798
19,776
2921,773
1673,772
1689,770
2919,767
1607,756
3062,755
348,734
1649,732
3407,726
1629,724
1710,722
7471,714
1632,709
1663,695
259,680
6,677
8433,675
1772,664
981,660
1611,641
4894,638
232,635
1610,634
83,620
45,613
2206,606
2845,602
1612,598
1670,595
345,594
4617,591
1631,558
5037,553
5297,553
59363,543
439,523
59293,522
12,519
1608,510
2586,507
2820,499
2016,495
1616,491
1967,491
976,487
1737,475
7231,475
382,472
12092,472
24,466
8222,463
1893,444
3959,441
127,429
1754,417
1855,406
39,404
1703,403
5273,401
1034,392
7609,388
2675,384
1087,382
22,381
2008,380
616,376
15696,372
133,372
282,370
13459,365
1928,363
1126,362
14309,361
1779,360
4891,360
59384,359
15552,358
2942,356
948,349
3498,348
3161,346
4135,345
4478,345
256,344
222,341
53,337
7474,337
8435,335
14576,323
1654,315
7244,300
1684,299
386,295
7280,294
4414,286
8241,285
362,284
8257,281
7331,274
7849,269
59373,267
6979,254
660,251
1469,251
3413,250
7,250
5795,249
32447,248
1158,246
4553,246
1341,246
59357,246
874,246
109,244
1672,242
59355,241
4230,239
1693,236
59286,232
1662,231
8423,229
3456,227
12070,225
12863,224
2962,223
87,220
977,219
1648,217
1686,216
5878,216
527,212
4139,212
266,211
3539,206
124,206
11809,203
7298,202
983,201
5246,201
218,200
1032,198
96,196
6966,194
4898,192
1343,190
929,190
7114,189
3416,186
46,184
4657,183
3098,182
3294,180
139,179
3558,177
8731,176
305,176
4028,175
116,173
1702,170
20,169
2523,169
8432,168
7201,167
3160,167
7919,167
8166,166
1615,166
32847,166
13436,165
391,162
7909,162
8188,161
539,161
59701,161
5636,160
867,160
148,159
1969,159
693,158
2038,156
264,154
1570,154
2434,153
22993,153
59359,152
59376,150
2929,150
2949,149
21,149
1661,148
175,148
3591,148
62,148
1508,146
12964,146
27,145
212,144
575,144
1940,143
3169,143
7255,143
3627,142
7252,142
2611,138
324,137
59561,134
23369,134
32638,132
235,131
15582,130
4694,129
3374,129
8424,129
4893,128
8066,128
2215,127
881,125
12998,124
3946,124
3004,123
35575,122
12076,122
15687,121
281,121
12045,121
29284,121
1678,120
42,120
4592,119
12864,119
3146,118
5132,118
8441,117
64165,115
5055,113
3167,113
276,113
31563,113
16435,112
1815,112
4754,111
12343,111
60670,110
3932,110
296,109
15683,109
14363,108
59492,108
10812,107
7232,107
4890,107
574,107
5175,106
13456,106
743,103
7254,103
4908,103
18,103
2243,101
1715,101
783,101
434,100
12083,100
3682,100
2999,99
33051,99
8496,98
784,97
3474,97
2854,96
2027,95
60777,95
2289,94
33108,94
1891,93
7777,93
955,93
322,93
325,93
5260,92
637,92
64156,92
11713,91
6974,90
2007,90
8832,90
3631,90
1676,89
3086,89
3101,89
4045,88
1036,88
1660,87
690,86
357,86
2914,86
4227,86
26420,86
59367,86
24661,85
2633,85
984,85
210,84
1204,84
8256,84
59487,84
59559,83
4923,83
7206,82
12107,82
309,82
59354,82
2979,81
20901,81
59458,81
3533,80
8500,80
1015,79
3079,79
42958,79
1995,79
61026,79
6985,79
649,78
3,78
8285,78
15708,78
3479,77
81,77
8186,77
59477,76
2955,76
13518,76
59476,76
15672,76
3404,75
8495,74
9498,74
4483,74
8422,73
3494,73
59539,72
3071,72
33022,72
12930,72
364,72
880,72
233,72
8202,72
8030,71
5369,71
4204,71
1937,70
41,70
7284,70
24712,70
26,70
7027,70
2353,69
4687,69
875,69
1037,69
59382,68
4064,68
2699,68
59308,68
59763,67
59282,67
5019,67
5,67
8436,66
4892,66
8093,66
7029,65
59310,65
12071,65
1820,64
3443,64
64166,64
13516,64
6988,64
536,64
15152,64
11927,64
3771,63
3770,63
59350,63
2944,63
8444,63
12073,63
2939,62
32585,62
3773,62
11782,61
5063,61
469,61
4525,61
4415,61
1854,60
5286,60
15574,60
260,60
165,60
64146,60
2970,60
12122,60
2514,60
890,60
4751,59
3525,59
112,58
713,57
1830,57
7234,57
4065,57
3186,57
19462,57
15673,57
3743,57
1745,56
59368,56
3297,56
59542,56
99,56
17,56
1476,55
59488,55
10366,55
2973,55
12114,55
2982,54
9264,54
6981,54
15681,54
59869,54
16421,54
8197,54
9184,53
3343,53
59548,53
3345,52
1953,52
1846,52
15575,52
1943,52
12074,52
4887,52
2638,52
4606,52
8295,52
1303,52
1667,51
5291,51
4233,51
63106,51
11706,50
16422,50
8142,50
1818,50
5077,50
1325,50
26168,50
269,50
15669,50
4643,50
59294,50
2021,49
5313,49
879,49
59544,49
66279,48
6435,48
402,48
23280,48
60807,48
1740,48
2200,48
3084,48
1504,48
1444,48
3073,48
251,47
4058,47
3384,47
7248,47
53086,47
998,47
7028,46
24019,46
6379,46
61051,45
2001,45
2957,45
4535,45
4123,45
4935,45
10371,45
3493,45
3766,45
13542,45
2842,45
16431,45
59274,45
59313,45
62027,44
3701,44
863,44
7958,44
14493,43
6079,43
2003,42
2836,42
60499,41
59331,41
154,41
15567,41
1931,41
4530,41
5174,41
8429,40
60778,40
7866,40
7198,40
8918,40
12123,40
6845,40
36,40
15675,40
5390,40
2882,40
878,40
59375,40
59372,40
64305,39
2715,39
16406,39
11644,39
1706,39
1640,39
1707,39
3077,39
3277,39
9601,39
8449,39
20850,39
40,39
1898,38
10772,38
4805,38
5143,38
15691,38
23458,38
7999,38
2083,38
1609,37
1759,37
60087,37
9,37
3182,37
5142,37
3092,37
4047,37
4274,37
13364,37
1638,36
1882,36
1657,36
8431,36
59525,36
4683,36
3521,36
7033,36
7009,35
8240,35
5357,35
16403,35
1705,35
2685,35
59397,35
15581,35
3035,35
59524,35
60066,34
2005,34
3426,34
2010,34
4644,34
1042,34
63203,34
12365,34
59358,34
4251,33
3509,33
10540,33
1011,33
16436,33
2201,33
2339,33
26237,33
1653,32
3033,32
3178,32
18788,32
2674,32
25707,32
5131,32
12093,32
12094,32
3010,32
6975,32
22918,32
13462,32
27060,32
4109,32
3487,32
4943,32
59582,32
59311,32
57691,32
1674,31
2469,31
6266,31
14381,31
2922,31
4653,31
7202,31
6080,31
49,31
7462,31
59364,31
28320,31
59999,31
275,31
31801,31
1415,30
15699,30
979,30
1814,30
2899,30
1832,30
8917,30
11906,30
43,30
1072,30
36085,30
3109,30
12901,30
15746,30
1320,30
6480,30
1921,29
185,29
4551,29
59565,29
1587,29
3261,29
847,29
4603,28
23889,28
4982,28
16428,28
59333,28
1691,28
9525,28
2034,28
4243,28
19796,28
24358,28
5346,28
13460,28
6463,28
5464,27
62614,27
147,27
1157,27
12145,27
7225,27
5129,27
4498,27
9359,27
4092,27
7132,27
59329,27
30164,27
29370,27
7920,26
19253,26
18876,26
16408,26
21110,26
19216,26
59270,26
1786,26
1656,26
5789,26
59356,26
2392,26
4012,26
64147,26
5195,26
4048,26
3466,26
44,26
4325,26
15698,26
19254,26
892,25
4997,25
59291,25
4268,25
59279,25
1700,25
1622,25
7568,25
6202,25
2941,25
4199,25
43696,25
8476,25
12077,25
32515,25
1033,25
12098,25
15692,25
2838,25
5433,24
5156,24
3905,24
2139,24
2307,24
3290,24
11726,24
238,24
4899,24
4873,24
13615,24
7253,24
5897,24
59466,24
19257,24
61977,24
2669,24
66211,24
901,24
60621,24
219,24
2539,24
5100,24
335,24
3537,24
59508,23
16413,23
56391,23
59579,23
16423,23
1722,23
64722,23
861,23
2911,23
4412,23
5093,23
7247,23
786,23
33129,23
59457,23
15259,22
3667,22
4807,22
8225,22
4674,22
16424,22
29238,22
5413,22
1633,22
1834,22
1642,22
1990,22
22298,22
3251,22
25017,22
59365,22
7338,22
936,22
33009,22
7297,22
15671,22
4203,21
1683,21
5575,21
1142,21
3339,21
3303,21
3998,21
1955,21
19618,21
5189,21
8485,21
3177,21
8462,21
9057,21
1202,21
59760,21
13701,21
7931,21
56302,21
52,21
252,21
886,21
59649,21
6940,21
59583,21
8861,21
59494,21
5220,20
12862,20
7984,20
59609,20
921,20
12900,20
253,20
3142,20
1748,20
1804,20
64661,20
10790,20
186,20
59574,20
7207,20
2627,20
132,20
3170,20
11737,20
4555,20
59338,20
33072,20
3531,20
3482,19
10565,19
12351,19
7131,19
7411,19
7578,19
7453,19
70,19
836,19
59345,19
8031,19
16411,19
59283,19
10047,19
5147,19
3151,19
3467,19
2105,19
8480,19
22437,19
2966,19
7212,19
12086,19
12097,19
14818,19
4114,19
7390,19
2742,19
59335,19
28978,19
6859,19
4126,19
1812,18
5488,18
2644,18
9932,18
427,18
59602,18
15580,18
2961,18
7264,18
4173,18
2972,18
7109,18
32629,18
53815,18
6096,18
9379,18
9277,18
33059,18
37359,18
62995,18
19428,18
3644,18
755,18
19501,18
7991,18
23226,18
18729,18
56404,18
30581,18
8673,17
4675,17
859,17
7450,17
8182,17
946,17
16429,17
8209,17
64662,17
2898,17
6543,17
6132,17
10007,17
5188,17
2300,17
2981,17
2951,17
2749,17
9499,17
13465,17
3520,17
26768,17
59516,17
6074,17
15678,17
5236,17
4652,17
7819,17
57632,17
59705,17
857,16
60200,16
456,16
2071,16
3967,16
4167,16
903,16
3538,16
16430,16
64616,16
60059,16
62966,16
1669,16
5621,16
1833,16
1805,16
1848,16
15602,16
63249,16
3425,16
11031,16
6619,16
5146,16
24660,16
2279,16
2950,16
4344,16
2824,16
12095,16
63055,16
1035,16
36181,16
1147,16
7203,16
18635,16
685,16
9279,16
4157,16
2207,16
4635,16
61052,15
5308,15
1843,15
8794,15
15630,15
7467,15
53744,15
3366,15
22920,15
1031,15
10458,15
5270,15
12108,15
26218,15
3543,15
3231,15
11199,15
5892,15
7862,15
98,15
895,15
9627,15
59298,15
19535,15
12861,15
8237,15
21539,15
908,15
7918,15
8178,15
24130,15
8659,15
15987,15
9639,14
902,14
59497,14
195,14
3709,14
884,14
13289,14
10545,14
47454,14
24220,14
50269,14
23112,14
7784,14
37574,14
8183,14
8245,14
38241,14
21140,14
59663,14
59489,14
1621,14
5582,14
24405,14
2009,14
59849,14
1806,14
2713,14
14680,14
1966,14
1890,14
2202,14
839,14
3372,14
5027,14
114,14
61284,14
301,14
4099,14
3030,14
60005,14
3687,14
5032,14
5352,14
3074,14
2597,14
3568,14
14316,14
11736,14
8232,14
59597,14
285,14
36482,14
64195,14
5498,13
4727,13
15548,13
8075,13
5461,13
1716,13
1872,13
15559,13
59386,13
6674,13
3254,13
1765,13
5108,13
2511,13
144,13
10874,13
7200,13
7103,13
25456,13
25625,13
15491,13
25460,13
120,13
7230,13
18810,13
32460,13
1998,13
4186,13
2552,13
19489,13
3764,13
4915,13
23174,13
2998,13
8456,13
6055,13
4043,13
1864,13
9281,13
60774,13
11751,13
8230,13
12091,13
33664,13
22782,13
15832,13
8109,13
9545,13
2614,13
59332,13
7165,13
8350,13
38540,13
59594,13
60414,13
59395,12
1665,12
368,12
24910,12
1639,12
5679,12
15547,12
2953,12
2650,12
1613,12
6790,12
1666,12
9098,12
27620,12
59389,12
12409,12
22630,12
4044,12
2901,12
12492,12
7478,12
3034,12
4897,12
35850,12
59431,12
8458,12
64239,12
4672,12
4030,12
3647,12
4568,12
8056,12
10469,12
26554,12
6377,12
6864,12
5226,12
3542,12
59980,12
19412,12
26617,12
5798,12
2039,12
13324,12
36521,12
60078,12
4739,12
2652,12
11716,12
13318,12
14184,12
10541,12
22874,12
3651,12
7896,12
19515,12
12865,12
8283,12
889,12
896,12
7097,12
8145,12
14199,12
9229,12
59870,12
59422,12
15724,11
2574,11
60021,11
164,11
15,11
59562,11
59612,11
297,11
7636,11
38504,11
515,11
934,11
34603,11
372,11
59485,11
8271,11
59474,11
60223,11
59873,11
60074,11
59899,11
63151,11
1831,11
1839,11
5564,11
6627,11
6730,11
3063,11
1962,11
1957,11
1965,11
10154,11
10330,11
14891,11
1867,11
65600,11
24105,11
2997,11
26541,11
2920,11
15433,11
14313,11
1908,11
10476,11
19065,11
4895,11
60576,11
3031,11
60779,11
4040,11
1935,11
4358,11
5245,11
4036,11
2305,11
14360,11
59278,11
12558,11
59264,11
13216,11
6329,11
5345,11
3431,11
4552,11
32923,11
24225,11
1251,11
3892,11
9248,11
9505,11
2041,11
59713,11
15694,11
4594,11
64660,10
64684,10
5440,10
5453,10
10357,10
1816,10
1739,10
1679,10
6604,10
19624,10
1863,10
6532,10
3495,10
22766,10
8613,10
24806,10
2528,10
10303,10
10322,10
11231,10
2182,10
43296,10
361,10
2700,10
59600,10
3175,10
15480,10
3003,10
2631,10
8486,10
4926,10
3246,10
26315,10
22416,10
1868,10
5112,10
12100,10
4748,10
9686,10
12111,10
59383,10
4869,10
4377,10
27299,10
13469,10
51196,10
809,10
19359,10
930,10
3996,10
21376,10
30258,10
7277,10
11765,10
37975,10
60130,10
3506,10
2275,10
3475,10
40086,10
3643,10
3414,10
15717,10
823,10
59396,10
27471,10
7134,10
60240,10
59446,10
19488,10
59704,10
59879,10
7554,10
334,10
37989,10
16418,10
8023,10
14159,10
263,10
28861,10
16437,10
59599,10
59490,10
59888,10
59302,10
61243,10
59838,9
59605,9
8353,9
58638,9
61101,9
4407,9
1791,9
5660,9
1767,9
62202,9
2247,9
3281,9
6572,9
59450,9
60062,9
14644,9
1852,9
3335,9
3958,9
22567,9
4220,9
10156,9
4490,9
2274,9
31005,9
11041,9
2017,9
5194,9
2934,9
19420,9
3950,9
35325,9
5115,9
31,9
2931,9
14081,9
20118,9
3585,9
2960,9
6866,9
13223,9
2988,9
4205,9
5151,9
5091,9
3588,9
13219,9
59592,9
26535,9
12118,9
36525,9
36470,9
9654,9
5376,9
8600,9
9894,9
5202,9
961,9
4916,9
3468,9
12482,9
13483,9
2214,9
6400,9
5880,9
13477,9
15690,9
20783,9
54096,9
2616,9
33464,9
33117,9
14326,9
178,9
19741,9
2376,9
4808,9
7018,9
7992,9
15801,9
30013,9
49085,9
474,9
243,9
47465,9
2610,9
7093,9
16,9
8083,9
9702,9
12868,9
60139,9
7698,9
29536,9
8328,9
30589,9
4886,9
8033,9
23140,9
60363,9
2085,9
18725,9
59720,9
12674,9
60706,9
2166,9
12681,9
350,9
60290,8
4938,8
4156,8
6964,8
7902,8
11719,8
6982,8
33428,8
6963,8
13937,8
279,8
7426,8
7654,8
33624,8
4597,8
302,8
7541,8
22670,8
21173,8
24210,8
6999,8
60218,8
33663,8
4853,8
82,8
10582,8
993,8
7059,8
34159,8
5882,8
59306,8
59509,8
7988,8
34490,8
3524,8
8146,8
72,8
23516,8
23457,8
11800,8
56418,8
10591,8
59491,8
38401,8
247,8
60586,8
59631,8
4993,8
21171,8
20968,8
59285,8
59924,8
58175,8
67973,8
60106,8
64029,8
5530,8
64773,8
5641,8
4069,8
3070,8
9837,8
6669,8
1886,8
6742,8
64801,8
24860,8
6745,8
1801,8
1844,8
1994,8
7316,8
24411,8
1901,8
4424,8
5030,8
10059,8
8473,8
22270,8
27635,8
19393,8
65355,8
15398,8
3409,8
6049,8
20124,8
2253,8
10333,8
9921,8
25861,8
10317,8
12441,8
6131,8
64094,8
2459,8
24344,8
4074,8
60508,8
5356,8
1252,8
59436,8
64093,8
3009,8
64161,8
2264,8
25078,8
14835,8
7850,8
4554,8
3099,8
35436,8
60152,8
140,8
3379,8
25728,8
22467,8
12436,8
3017,8
2907,8
25971,8
2203,8
3000,8
44564,8
4177,8
5046,8
3557,8
13471,8
33478,8
11078,8
7843,8
2656,8
4144,8
36265,8
2267,8
24223,8
12928,8
33085,8
13815,8
7275,8
4671,8
2040,8
8233,8
27046,8
7499,8
8231,8
5572,7
5446,7
5505,7
2231,7
5539,7
6567,7
1643,7
35064,7
40802,7
2967,7
5494,7
60107,7
62487,7
5536,7
10095,7
1682,7
9934,7
9015,7
3351,7
7451,7
1758,7
11639,7
6801,7
1925,7
14682,7
5841,7
14731,7
64665,7
2320,7
10125,7
1968,7
1949,7
5018,7
13218,7
1981,7
4373,7
9961,7
61331,7
20320,7
30471,7
63358,7
5800,7
4090,7
25396,7
2989,7
3015,7
3023,7
3807,7
4032,7
3669,7
1018,7
3149,7
60057,7
931,7
64238,7
62500,7
2250,7
8115,7
1988,7
3055,7
8442,7
10979,7
1179,7
5022,7
44061,7
8448,7
9571,7
5237,7
4183,7
43983,7
60857,7
11103,7
36095,7
12127,7
32681,7
44665,7
406,7
2796,7
44669,7
3420,7
388,7
999,7
396,7
1129,7
3775,7
6475,7
3759,7
7967,7
26529,7
14992,7
6906,7
7276,7
4685,7
9151,7
59572,7
5349,7
13620,7
3679,7
47044,7
59388,7
3452,7
1003,7
62045,7
7336,7
19351,7
34534,7
32581,7
4239,7
8550,7
4579,7
21357,7
22767,7
27977,7
33177,7
11747,7
59882,7
65395,7
59263,7
4957,7
8037,7
13390,7
54662,7
3511,7
737,7
8737,7
30976,7
375,7
8589,7
55,7
2837,7
4845,7
174,7
21537,7
78,7
403,7
7470,7
7669,7
8834,7
12318,7
8094,7
91,7
59717,7
1024,7
1000,7
21749,7
8177,7
60262,7
3821,7
752,7
7398,7
14527,7
8676,7
59563,7
16425,7
3818,7
314,7
29121,7
373,7
23274,7
2617,7
3398,7
29409,7
490,7
2118,7
53061,7
8191,7
3485,7
21040,7
31927,7
12784,7
20776,7
39031,7
59452,7
20970,7
59547,7
59545,7
23402,7
60077,7
59900,7
60822,7
60881,7
59611,6
59535,6
57698,6
56335,6
7031,6
869,6
59314,6
59723,6
59024,6
61507,6
56380,6
59549,6
61085,6
60666,6
62689,6
60320,6
62106,6
1637,6
5496,6
1817,6
5449,6
1445,6
3338,6
3341,6
6546,6
1680,6
6663,6
1697,6
6555,6
10031,6
5614,6
35115,6
1711,6
1948,6
5720,6
5542,6
5628,6
5699,6
6553,6
5183,6
6660,6
1826,6
6419,6
10774,6
9031,6
9928,6
3295,6
15583,6
15665,6
39032,6
2301,6
14205,6
1922,6
19616,6
26713,6
59598,6
1947,6
59921,6
1903,6
12914,6
831,6
66166,6
45911,6
18789,6
35533,6
10776,6
42112,6
59447,6
20203,6
10169,6
2336,6
3365,6
2683,6
20315,6
42227,6
27786,6
13344,6
14904,6
37088,6
15423,6
8941,6
14964,6
4200,6
7598,6
60298,6
10321,6
14053,6
1022,6
3313,6
24821,6
42594,6
2994,6
3361,6
5154,6
2293,6
37639,6
1164,6
3978,6
4006,6
32478,6
6159,6
5103,6
4464,6
2554,6
25557,6
3047,6
32471,6
9350,6
35391,6
26932,6
26419,6
22638,6
22296,6
2968,6
19498,6
14203,6
12442,6
8501,6
4590,6
3516,6
3545,6
25805,6
32623,6
2382,6
61465,6
20648,6
6960,6
54348,6
18974,6
44395,6
61447,6
6481,6
3774,6
5148,6
11749,6
5069,6
4213,6
11295,6
27447,6
12081,6
5047,6
8381,6
1043,6
7832,6
59991,6
12150,6
45059,6
27152,6
12257,6
24629,6
22597,6
3582,6
32851,6
12151,6
381,6
9599,6
694,6
4888,6
25217,6
4256,6
7469,6
1950,6
54431,6
2969,6
8317,6
4952,6
58088,6
5318,6
33025,6
13439,6
14566,6
352,6
33041,6
7745,6
6423,6
22882,6
6083,6
2493,6
8565,6
37190,6
12958,6
36793,6
54236,6
19500,6
60154,6
19395,6
36739,6
10711,6
3490,6
173,6
13306,6
10994,6
8290,6
16049,6
9266,6
15707,6
2645,6
4588,6
2522,6
27318,6
1999,6
18780,6
6456,6
6967,6
7004,6
36789,6
46448,6
60343,6
21546,6
15934,6
20385,6
63279,6
20402,6
4961,6
47229,6
7617,6
5010,6
3654,6
2304,6
60371,6
22871,6
130,6
887,6
19491,6
30484,6
33669,6
250,6
3491,6
49911,6
32171,6
21558,6
7646,6
32013,6
48222,6
9661,6
13541,6
7593,6
31606,6
21492,6
24074,6
6564,6
4633,6
10580,6
7986,6
59625,6
60285,6
7557,6
7501,6
12576,6
59871,6
407,6
24201,6
8557,6
11784,6
51441,6
7964,6
8326,6
16410,6
60408,6
19876,6
32105,6
59378,6
31002,6
60310,6
53101,6
47609,6
13950,6
38004,6
9799,6
29718,6
52620,6
8152,6
61428,6
12892,6
18673,6
59296,6
60182,6
60647,6
26722,6
59907,6
59630,6
29866,6
61640,5
7583,5
12962,5
22827,5
45965,5
9658,5
9733,5
7990,5
5118,5
14376,5
4699,5
3510,5
62591,5
11562,5
10284,5
3668,5
2771,5
47122,5
9796,5
54406,5
6847,5
51254,5
6078,5
8812,5
46431,5
47135,5
37349,5
12866,5
9794,5
2670,5
793,5
54694,5
46240,5
59699,5
51567,5
28015,5
27840,5
4786,5
48955,5
4690,5
2768,5
21328,5
11753,5
7639,5
31604,5
5400,5
803,5
18915,5
54801,5
60947,5
129,5
4826,5
59514,5
9210,5
201,5
21795,5
9770,5
3706,5
19261,5
8226,5
27279,5
9769,5
7976,5
51407,5
354,5
2559,5
15126,5
3513,5
55362,5
271,5
60469,5
28995,5
34130,5
13833,5
67312,5
7855,5
8173,5
15129,5
31660,5
21771,5
3503,5
8180,5
59546,5
11376,5
20474,5
18650,5
60118,5
6987,5
38223,5
52373,5
9201,5
49823,5
14513,5
34284,5
31047,5
8250,5
56399,5
6122,5
10572,5
5856,5
8848,5
30434,5
23239,5
11842,5
60177,5
29934,5
8086,5
37951,5
8754,5
5837,5
8849,5
60836,5
59526,5
11477,5
13593,5
14005,5
21995,5
20751,5
59432,5
8184,5
23259,5
60150,5
20832,5
11434,5
60374,5
59608,5
15157,5
38479,5
8870,5
51853,5
8130,5
60812,5
59876,5
59682,5
15170,5
58155,5
59904,5
61088,5
59867,5
60631,5
63943,5
59662,5
59371,5
5545,5
2191,5
1617,5
64672,5
61027,5
1644,5
5640,5
5772,5
11703,5
5758,5
5589,5
35568,5
5678,5
5463,5
1793,5
14460,5
1708,5
6544,5
1842,5
3126,5
6640,5
14409,5
1796,5
15556,5
3894,5
40810,5
41025,5
64981,5
6760,5
2176,5
6504,5
9925,5
1976,5
35135,5
5535,5
59366,5
35513,5
14896,5
1884,5
14783,5
1916,5
3293,5
10773,5
16339,5
4433,5
10149,5
24852,5
41662,5
10988,5
64686,5
20186,5
35333,5
10119,5
1972,5
3153,5
24679,5
3906,5
24578,5
44635,5
24476,5
10963,5
42646,5
10340,5
19630,5
24759,5
1938,5
27560,5
10977,5
25542,5
45722,5
5196,5
3187,5
53601,5
25110,5
8425,5
53644,5
12510,5
8447,5
23070,5
1760,5
19913,5
30590,5
615,5
8463,5
35781,5
3248,5
22498,5
37910,5
36669,5
5266,5
22369,5
23013,5
61212,5
25251,5
22463,5
20304,5
36219,5
25756,5
19334,5
25882,5
45275,5
25612,5
2430,5
24805,5
32481,5
4011,5
9867,5
20129,5
23021,5
5044,5
2928,5
32540,5
12422,5
62080,5
10605,5
7209,5
60328,5
50627,5
13426,5
36607,5
1874,5
32624,5
9479,5
11084,5
30534,5
12115,5
8866,5
14489,5
14305,5
44741,5
1493,5
385,5
3427,5
3569,5
5219,5
44989,5
12483,5
6095,5
6372,5
12129,5
3933,5
4925,5
22664,5
7223,5
9263,5
14317,5
84,5
2744,5
3583,5
4636,5
4569,5
5347,5
7303,5
4166,5
19539,5
33014,5
1198,5
33061,5
21288,5
62698,5
3923,5
4013,5
4841,5
5306,5
21750,5
12941,5
12910,5
4493,5
47076,5
9152,5
1782,4
5492,4
3340,4
6778,4
27681,4
9301,4
11695,4
9302,4
5592,4
5532,4
5677,4
64827,4
5631,4
5668,4
5729,4
35027,4
6651,4
62357,4
28497,4
1701,4
6483,4
66487,4
61261,4
6433,4
6531,4
6673,4
6649,4
5750,4
59391,4
1734,4
61034,4
59864,4
6657,4
9901,4
6688,4
5779,4
27749,4
9914,4
6737,4
6731,4
3302,4
3039,4
3309,4
1824,4
1973,4
14645,4
9962,4
27645,4
35129,4
24708,4
41323,4
27686,4
35634,4
1733,4
1845,4
9978,4
1836,4
41310,4
10021,4
28947,4
15590,4
3363,4
35260,4
19653,4
30078,4
5043,4
15555,4
19690,4
36232,4
60064,4
1877,4
64092,4
41536,4
35347,4
59394,4
62512,4
1963,4
25149,4
14990,4
20267,4
3212,4
37469,4
27633,4
1945,4
2006,4
1959,4
19632,4
23766,4
35243,4
19707,4
20361,4
20218,4
14310,4
3312,4
12933,4
43190,4
8986,4
62360,4
1675,4
42280,4
26635,4
53779,4
24518,4
38589,4
37173,4
45973,4
2508,4
20094,4
24143,4
30263,4
5155,4
24714,4
37192,4
24522,4
20176,4
31920,4
24641,4
22401,4
2927,4
64167,4
9083,4
62205,4
3375,4
9887,4
10953,4
1986,4
6448,4
6130,4
26108,4
61378,4
8518,4
12609,4
5315,4
347,4
43397,4
8446,4
35799,4
3058,4
25888,4
25279,4
3224,4
8481,4
11392,4
60213,4
60033,4
35904,4
2462,4
2987,4
6047,4
64250,4
1692,4
59805,4
60486,4
5094,4
8991,4
25257,4
3068,4
6268,4
2218,4
3108,4
26728,4
26546,4
64245,4
2606,4
1017,4
2908,4
22368,4
10373,4
8942,4
32482,4
23249,4
13803,4
3012,4
8427,4
3069,4
3601,4
37691,4
4117,4
3087,4
53874,4
7321,4
37785,4
27825,4
7829,4
994,4
22506,4
10171,4
3462,4
1030,4
25875,4
8497,4
33749,4
19332,4
22406,4
26767,4
8492,4
3570,4
36093,4
26326,4
32517,4
36091,4
54078,4
1071,4
32586,4
36069,4
12120,4
12133,4
9635,4
8,4
6243,4
44466,4
1889,4
63,4
36393,4
3477,4
5080,4
53883,4
19339,4
19345,4
32688,4
9652,4
37011,4
22712,4
26784,4
13090,4
22337,4
12291,4
8829,4
4504,4
63316,4
3695,4
4669,4
10174,4
5299,4
29353,4
36861,4
32886,4
21441,4
19392,4
32948,4
3728,4
59747,4
2431,4
8690,4
19717,4
19544,4
26890,4
47414,4
2526,4
30,4
2216,4
23586,4
2227,4
45453,4
26691,4
3733,4
46537,4
5268,4
35999,4
26721,4
26777,4
26763,4
32917,4
19422,4
28520,4
7869,4
20548,4
832,4
13232,4
6072,4
38916,4
45633,4
33256,4
45756,4
8791,4
12237,4
9530,4
7319,4
46822,4
45749,4
3786,4
4958,4
10166,4
7267,4
2290,4
7326,4
14354,4
38584,4
2553,4
33064,4
6313,4
8761,4
3470,4
8021,4
14573,4
33583,4
8324,4
19968,4
46835,4
52108,4
4627,4
26966,4
46027,4
54524,4
155,4
12931,4
6908,4
7705,4
1086,4
4610,4
12949,4
19405,4
19406,4
2965,4
19408,4
19407,4
2095,4
59577,4
1480,4
9516,4
19409,4
54548,4
8790,4
14080,4
1489,4
15741,4
2828,4
22738,4
3685,4
7714,4
8239,4
8125,4
4823,4
36682,4
27142,4
6887,4
4713,4
27222,4
59475,4
5810,4
9819,4
22922,4
19421,4
27162,4
2056,4
11218,4
32753,4
4766,4
11709,4
19423,4
4576,4
19837,4
31693,4
13308,4
5294,4
52146,4
8804,4
68064,4
13921,4
21200,4
22898,4
36249,4
4827,4
3085,4
60957,4
932,4
12872,4
21648,4
9703,4
22864,4
22773,4
33735,4
33668,4
14324,4
2101,4
33652,4
4700,4
27958,4
6989,4
33854,4
7459,4
6945,4
328,4
12818,4
7242,4
11723,4
20549,4
59575,4
12867,4
33679,4
2486,4
33883,4
5818,4
12052,4
14577,4
31622,4
64520,4
2844,4
4682,4
7197,4
47685,4
13630,4
59868,4
8059,4
24277,4
9365,4
2885,4
33926,4
36713,4
59511,4
7512,4
28714,4
31829,4
15885,4
29547,4
8619,4
21994,4
28537,4
657,4
59560,4
21813,4
827,4
9378,4
4866,4
60421,4
11977,4
7978,4
59906,4
7094,4
28873,4
34068,4
28677,4
3441,4
13568,4
37299,4
34012,4
12370,4
53022,4
30787,4
60388,4
59957,4
59444,4
22003,4
8081,4
3508,4
59913,4
32376,4
12054,4
20818,4
7159,4
31882,4
23596,4
13874,4
13266,4
7008,4
8018,4
7032,4
61330,4
518,4
56389,4
12000,4
806,4
8253,4
30859,4
51642,4
62731,4
25137,4
32331,4
29311,4
37948,4
29239,4
14062,4
13911,4
22018,4
37982,4
37983,4
37967,4
37958,4
38227,4
19146,4
37919,4
8249,4
937,4
51163,4
29347,4
7921,4
37990,4
29705,4
6990,4
37963,4
10856,4
37969,4
604,4
38000,4
55555,4
2187,4
38531,4
14519,4
38054,4
12819,4
8161,4
34600,4
7026,4
11895,4
60031,4
16222,4
29710,4
59351,4
37312,4
3803,4
20974,4
62537,4
23334,4
7455,4
59865,4
52803,4
23353,4
59316,4
57690,4
59684,4
59685,4
57609,4
58269,4
31969,4
59680,4
60398,4
60904,4
20755,4
60183,4
62649,4
59470,4
63704,4
59764,4
60016,4
67364,4
61275,4
60132,4
59461,3
30006,3
29881,3
8117,3
60100,3
59837,3
11941,3
34820,3
23415,3
63808,3
57785,3
8884,3
61400,3
59347,3
59659,3
60556,3
59866,3
12298,3
59589,3
8255,3
38073,3
61768,3
59706,3
59299,3
59914,3
59076,3
59883,3
60495,3
60634,3
60663,3
61929,3
62884,3
62394,3
60109,3
63366,3
68472,3
59552,3
3336,3
64717,3
11682,3
11701,3
63357,3
5595,3
6664,3
6601,3
14441,3
1628,3
64716,3
26774,3
9939,3
5541,3
11698,3
65016,3
5655,3
14946,3
1687,3
65137,3
4920,3
26950,3
64703,3
5639,3
5468,3
5769,3
40907,3
64816,3
41769,3
65361,3
35017,3
62617,3
14813,3
1736,3
1726,3
1785,3
5615,3
5569,3
24911,3
6563,3
64938,3
5617,3
6735,3
10073,3
9930,3
6631,3
1859,3
14705,3
1775,3
10017,3
40915,3
1769,3
64742,3
9829,3
41084,3
41192,3
14429,3
64795,3
1933,3
1829,3
9873,3
1821,3
9880,3
33264,3
9929,3
5072,3
1906,3
20151,3
40900,3
66323,3
24880,3
1870,3
62545,3
3139,3
9983,3
6520,3
14710,3
10869,3
36687,3
64730,3
39037,3
15608,3
10011,3
14703,3
14871,3
12457,3
35191,3
9954,3
11109,3
1979,3
60969,3
6526,3
10091,3
35285,3
41630,3
15000,3
2622,3
14907,3
10094,3
19611,3
1865,3
2926,3
14764,3
27230,3
24853,3
1971,3
43333,3
14715,3
19677,3
41965,3
2020,3
10858,3
25775,3
20175,3
20216,3
1798,3
12945,3
53568,3
35393,3
36879,3
35586,3
27773,3
62840,3
3972,3
24523,3
26469,3
25410,3
3451,3
24738,3
1755,3
10865,3
60487,3
26141,3
1913,3
20365,3
43237,3
24144,3
35434,3
20091,3
24749,3
22576,3
20638,3
65744,3
44967,3
30561,3
48229,3
6117,3
1887,3
65080,3
4586,3
24920,3
46596,3
19008,3
61338,3
3011,3
3388,3
25606,3
12591,3
4716,3
9036,3
3134,3
25978,3
10915,3
2943,3
24280,3
3021,3
8421,3
43679,3
24266,3
8471,3
25046,3
43092,3
6164,3
20325,3
25486,3
10348,3
36333,3
6108,3
15083,3
19000,3
35687,3
3036,3
52112,3
2932,3
24810,3
62404,3
9030,3
3216,3
64034,3
19517,3
63621,3
61634,3
24892,3
66240,3
22802,3
64294,3
60494,3
15516,3
142,3
61523,3
6239,3
12522,3
61593,3
11195,3
5242,3
43678,3
43575,3
25922,3
26059,3
7874,3
13771,3
4207,3
22842,3
43633,3
8976,3
32975,3
43800,3
5035,3
22439,3
4034,3
3083,3
3120,3
44386,3
3164,3
596,3
28486,3
8439,3
4160,3
45273,3
18838,3
10337,3
26795,3
4041,3
25570,3
23765,3
5065,3
25035,3
35899,3
6181,3
3380,3
27803,3
21757,3
25692,3
8229,3
25665,3
964,3
5265,3
12465,3
4463,3
44533,3
11707,3
4878,3
8545,3
12113,3
20900,3
25509,3
6287,3
32625,3
3355,3
64153,3
3411,3
32589,3
18875,3
10998,3
2213,3
44913,3
36090,3
5049,3
5164,3
45320,3
64197,3
59998,3
12102,3
64267,3
5258,3
37786,3
9463,3
48615,3
64257,3
9082,3
26552,3
2881,3
18990,3
26070,3
9833,3
138,3
26039,3
36274,3
59848,3
5204,3
32095,3
5275,3
36105,3
39956,3
32513,3
25843,3
26110,3
32838,3
1050,3
13242,3
37008,3
65277,3
19403,3
12112,3
19750,3
4103,3
9662,3
2473,3
36272,3
45846,3
45291,3
8940,3
23855,3
23924,3
19391,3
1193,3
32854,3
3147,3
36106,3
6883,3
36893,3
134,3
9432,3
18850,3
59716,3
32876,3
23676,3
244,3
14123,3
32919,3
30452,3
3383,3
3683,3
26780,3
36543,3
15711,3
1468,3
960,3
19090,3
27076,3
62024,3
1117,3
26603,3
3476,3
11019,3
32794,3
5298,3
66111,3
45673,3
66623,3
1226,3
26590,3
23558,3
45378,3
4168,3
13224,3
20212,3
1257,3
9517,3
24011,3
33473,3
12970,3
51218,3
13009,3
54087,3
26687,3
45519,3
53955,3
35958,3
47056,3
7567,3
26547,3
4474,3
19755,3
7249,3
21276,3
23845,3
66183,3
46173,3
36882,3
3486,3
19335,3
43505,3
36134,3
19725,3
4507,3
33071,3
7857,3
44010,3
40068,3
23471,3
1459,3
3763,3
33169,3
33127,3
36752,3
35853,3
4585,3
1414,3
8314,3
23641,3
23984,3
27774,3
5130,3
26014,3
8251,3
23523,3
26918,3
5796,3
37188,3
4939,3
60707,3
4819,3
12825,3
4806,3
12290,3
13278,3
453,3
4951,3
445,3
29297,3
14146,3
22972,3
2313,3
33211,3
36868,3
2648,3
8660,3
51212,3
2375,3
2544,3
27009,3
6921,3
10188,3
4481,3
46144,3
51249,3
33699,3
12392,3
30446,3
23846,3
3536,3
54527,3
20004,3
10378,3
2424,3
11705,3
1525,3
4830,3
20492,3
18763,3
2564,3
38084,3
33290,3
8577,3
54818,3
36702,3
7492,3
51251,3
8903,3
905,3
12273,3
10645,3
1138,3
19754,3
15769,3
6882,3
33319,3
30989,3
9647,3
2046,3
36837,3
33448,3
7465,3
23734,3
2811,3
2843,3
27343,3
2787,3
3481,3
13314,3
27974,3
190,3
46182,3
21462,3
15856,3
26291,3
37706,3
16157,3
12293,3
8287,3
13309,3
47105,3
46774,3
30946,3
24025,3
10538,3
13022,3
52293,3
33462,3
48453,3
60943,3
33534,3
46836,3
31102,3
2594,3
5213,3
28018,3
11478,3
7457,3
28013,3
21348,3
23877,3
62563,3
11266,3
21172,3
7337,3
701,3
11328,3
5832,3
47564,3
27955,3
18889,3
23,3
51,3
15718,3
3102,3
9668,3
4085,3
37357,3
33589,3
8839,3
33658,3
49997,3
11831,3
22911,3
47221,3
33682,3
59689,3
13305,3
60409,3
68,3
33651,3
30492,3
19475,3
910,3
63735,3
7590,3
4856,3
38955,3
28745,3
11326,3
10579,3
64324,3
34737,3
2794,3
32803,3
26126,3
371,3
31637,3
7570,3
9704,3
30333,3
34059,3
51384,3
21529,3
28494,3
356,3
21568,3
29315,3
21628,3
38597,3
7391,3
339,3
37577,3
60337,3
33988,3
8171,3
13086,3
6366,3
60392,3
30746,3
11327,3
59502,3
19918,3
59288,3
49177,3
13806,3
16073,3
19990,3
28564,3
8047,3
54999,3
51299,3
7683,3
53055,3
20533,3
985,3
13444,3
13674,3
11325,3
21915,3
1016,3
26807,3
13973,3
34231,3
59986,3
2535,3
36871,3
34440,3
20596,3
8174,3
7125,3
48697,3
51417,3
11824,3
7966,3
59702,3
48901,3
34313,3
28926,3
51462,3
3702,3
10376,3
441,3
28831,3
31672,3
61933,3
61819,3
30881,3
2693,3
16417,3
14071,3
14092,3
13915,3
26406,3
59505,3
2327,3
11321,3
9589,3
7891,3
11438,3
522,3
34272,3
38541,3
23515,3
29372,3
968,3
14152,3
59885,3
29557,3
538,3
2197,3
59343,3
20999,3
23986,3
16356,3
61335,3
19210,3
29490,3
59926,3
30861,3
22569,3
13168,3
11837,3
12719,3
31755,3
14151,3
49418,3
50021,3
37949,3
37979,3
8686,3
34754,3
63965,3
52834,3
23129,3
53147,3
8198,3
14124,3
22077,3
49586,3
10404,3
10434,3
59500,3
38178,3
46177,3
11850,3
20794,3
22057,3
56421,3
38448,3
871,3
34396,3
36120,3
20826,3
32299,3
642,3
59596,3
29530,3
30117,3
51871,3
34588,3
59863,3
50682,3
2094,3
38136,3
23833,3
20822,3
8265,3
679,3
60700,3
15819,3
59884,3
59908,3
34621,3
7927,3
318,3
7812,3
8143,3
7818,3
21136,3
23339,3
13916,3
9362,3
643,3
26847,3
60620,3
12821,3
31535,3
59301,3
60029,3
12670,3
24067,3
15166,3
32426,3
31066,3
62383,3
55906,3
359,3
33021,2
6101,2
54280,2
2276,2
62496,2
15688,2
33469,2
14347,2
5031,2
14893,2
46656,2
4954,2
7428,2
33162,2
52206,2
20922,2
4934,2
47444,2
10496,2
1220,2
22673,2
25,2
52114,2
23022,2
60488,2
4628,2
19389,2
26977,2
16063,2
19365,2
19398,2
33721,2
19399,2
26982,2
19400,2
33585,2
24021,2
19394,2
22436,2
19390,2
66220,2
37791,2
33722,2
24763,2
19401,2
5804,2
19402,2
19404,2
37906,2
7948,2
54119,2
13273,2
33130,2
11094,2
5208,2
12786,2
33292,2
61028,2
12956,2
11080,2
36711,2
19396,2
46520,2
2461,2
22669,2
3430,2
61319,2
3663,2
23038,2
3492,2
1585,2
19826,2
27209,2
14626,2
30431,2
4591,2
27220,2
27125,2
5411,2
36688,2
15674,2
47,2
60467,2
4232,2
40167,2
27223,2
30960,2
40173,2
33344,2
18766,2
13302,2
62870,2
30987,2
62374,2
34594,2
37198,2
52676,2
46253,2
24003,2
47662,2
6912,2
6061,2
79,2
2489,2
4881,2
9696,2
38521,2
22759,2
4428,2
68263,2
4609,2
19397,2
19442,2
27187,2
33199,2
61132,2
27309,2
33316,2
2427,2
63364,2
1189,2
60099,2
64353,2
33148,2
2612,2
36559,2
22716,2
4654,2
11763,2
37558,2
20507,2
47152,2
18866,2
2863,2
30448,2
21349,2
4849,2
2540,2
46610,2
349,2
36794,2
27062,2
21752,2
36949,2
30131,2
24059,2
62536,2
3518,2
24180,2
1161,2
13981,2
13419,2
9386,2
4620,2
3526,2
2364,2
37887,2
27061,2
36832,2
62696,2
9531,2
2454,2
4962,2
33450,2
7956,2
4484,2
4629,2
4861,2
13343,2
53026,2
37825,2
36834,2
66441,2
30416,2
3497,2
12266,2
9653,2
28055,2
11964,2
37538,2
12374,2
4710,2
10349,2
4604,2
9538,2
12276,2
30621,2
12937,2
11189,2
13351,2
21351,2
7194,2
7195,2
11715,2
5388,2
44590,2
358,2
47063,2
27472,2
2772,2
27853,2
30410,2
7123,2
27956,2
33409,2
31977,2
13970,2
11743,2
12922,2
36923,2
27386,2
27408,2
5937,2
46762,2
38047,2
20257,2
8706,2
28014,2
2640,2
31407,2
6292,2
4194,2
62286,2
11190,2
30420,2
894,2
7185,2
4963,2
13317,2
12345,2
31576,2
21268,2
20408,2
47466,2
33198,2
7380,2
862,2
30219,2
23506,2
19976,2
26889,2
60587,2
37047,2
28019,2
34046,2
48093,2
55029,2
7181,2
33422,2
28017,2
23671,2
21766,2
14145,2
60489,2
32173,2
54731,2
20563,2
48101,2
40192,2
2698,2
8740,2
22041,2
42294,2
30801,2
28363,2
59953,2
52779,2
22998,2
11198,2
29901,2
23925,2
60286,2
16172,2
14206,2
31448,2
20039,2
27945,2
38585,2
48730,2
48090,2
12657,2
60531,2
11316,2
65270,2
5001,2
22916,2
29942,2
28956,2
28051,2
28092,2
59693,2
8828,2
31404,2
27864,2
68026,2
47188,2
51371,2
60136,2
66327,2
68027,2
24163,2
22945,2
517,2
5000,2
22934,2
7458,2
64430,2
877,2
34911,2
11861,2
6385,2
31636,2
21559,2
2600,2
18778,2
31599,2
48867,2
29091,2
66318,2
33810,2
3753,2
9413,2
13359,2
33753,2
63332,2
4811,2
3900,2
16206,2
49903,2
28063,2
21481,2
28275,2
63737,2
23176,2
5342,2
21490,2
55286,2
2665,2
7020,2
54932,2
8738,2
12356,2
3564,2
13428,2
24187,2
37323,2
4789,2
14752,2
63739,2
61020,2
24276,2
37623,2
24278,2
2373,2
24287,2
9607,2
9061,2
24279,2
13447,2
31566,2
24288,2
21670,2
2745,2
24281,2
31405,2
24282,2
24283,2
5843,2
3704,2
61975,2
36352,2
2822,2
8792,2
24188,2
66664,2
19543,2
30599,2
21522,2
24190,2
23524,2
24289,2
29428,2
21633,2
34290,2
3110,2
21610,2
24285,2
21721,2
30543,2
28619,2
2746,2
34945,2
38586,2
7366,2
59845,2
28376,2
19557,2
11,2
34129,2
59336,2
7900,2
24216,2
37649,2
66703,2
21483,2
68277,2
28622,2
38087,2
2755,2
8665,2
30827,2
2589,2
22936,2
15656,2
62066,2
7880,2
28459,2
29690,2
28563,2
21640,2
8067,2
60674,2
7355,2
32276,2
16086,2
21713,2
21651,2
2758,2
21129,2
66964,2
14529,2
24221,2
991,2
33834,2
24222,2
30668,2
37431,2
37439,2
16416,2
9672,2
28803,2
38173,2
194,2
28539,2
33993,2
67803,2
2657,2
66706,2
46921,2
4742,2
29158,2
37792,2
31417,2
9181,2
60532,2
66568,2
61501,2
30587,2
66474,2
63767,2
13425,2
37907,2
29244,2
48219,2
38085,2
55025,2
7556,2
32136,2
21803,2
1005,2
38411,2
62324,2
30932,2
35698,2
28776,2
29563,2
61204,2
61916,2
37406,2
31830,2
55307,2
47576,2
37908,2
54687,2
55308,2
31881,2
33781,2
48371,2
61333,2
1557,2
5128,2
8330,2
8311,2
13993,2
898,2
37909,2
13004,2
55280,2
20526,2
8019,2
62457,2
13125,2
8329,2
23229,2
20008,2
1023,2
38522,2
68644,2
7989,2
28944,2
606,2
15851,2
34293,2
24224,2
63300,2
63301,2
31839,2
68645,2
13108,2
3064,2
7995,2
60750,2
47824,2
32268,2
63986,2
23092,2
19169,2
67152,2
18656,2
37582,2
5846,2
291,2
68105,2
3756,2
6915,2
37875,2
64033,2
38361,2
67482,2
7914,2
34487,2
63959,2
34094,2
38594,2
31646,2
37870,2
16427,2
28824,2
30813,2
7536,2
13599,2
12005,2
23277,2
59443,2
12874,2
61272,2
1060,2
16128,2
36473,2
13898,2
27885,2
29254,2
28977,2
30941,2
28874,2
32166,2
30800,2
30779,2
27206,2
40566,2
49717,2
10641,2
61328,2
61329,2
28235,2
32298,2
37656,2
10737,2
40138,2
20721,2
14370,2
5888,2
28960,2
11270,2
4831,2
28309,2
10700,2
7154,2
24192,2
62184,2
31896,2
30243,2
51409,2
9972,2
29140,2
480,2
34738,2
31868,2
31861,2
67808,2
28973,2
48989,2
67911,2
8032,2
4320,2
28819,2
31937,2
13992,2
14808,2
20594,2
18734,2
37658,2
16304,2
340,2
8247,2
37667,2
31883,2
32326,2
11853,2
13920,2
11357,2
10110,2
8070,2
9213,2
9666,2
13988,2
60359,2
33521,2
38836,2
13896,2
7079,2
55144,2
24020,2
11788,2
67888,2
11640,2
67813,2
63291,2
24226,2
59766,2
11359,2
29065,2
528,2
551,2
530,2
30039,2
23165,2
11892,2
60635,2
8076,2
8721,2
8206,2
29466,2
60498,2
62452,2
13931,2
63294,2
37829,2
9790,2
37832,2
14032,2
37744,2
37830,2
13827,2
29567,2
29568,2
14208,2
37836,2
23189,2
37831,2
49712,2
8379,2
61305,2
29156,2
50057,2
22986,2
38328,2
360,2
49462,2
11839,2
2701,2
8649,2
24062,2
38226,2
38329,2
29465,2
37801,2
37946,2
29308,2
62076,2
34441,2
29196,2
37947,2
37770,2
38608,2
10660,2
100,2
12306,2
37950,2
37953,2
12948,2
11401,2
37793,2
61577,2
32360,2
7913,2
37952,2
16395,2
10722,2
24290,2
24217,2
37980,2
37954,2
32364,2
37981,2
37955,2
29223,2
27301,2
27895,2
37956,2
37957,2
15978,2
24215,2
37838,2
19156,2
37824,2
641,2
11844,2
11845,2
11846,2
37762,2
56359,2
37776,2
59827,2
319,2
37880,2
37833,2
37984,2
20443,2
8175,2
55953,2
37959,2
16392,2
37985,2
37960,2
13953,2
37986,2
10445,2
37987,2
34604,2
37988,2
28022,2
24145,2
29018,2
37961,2
31078,2
32200,2
11516,2
29564,2
28264,2
14116,2
38039,2
38006,2
8074,2
37962,2
21679,2
32149,2
32304,2
37991,2
30123,2
67626,2
37992,2
24060,2
37993,2
19166,2
37964,2
5365,2
11503,2
4721,2
37965,2
14209,2
21180,2
29569,2
8693,2
38444,2
23684,2
61334,2
23394,2
19962,2
37977,2
61426,2
49566,2
22065,2
60931,2
32375,2
37966,2
61427,2
4763,2
61223,2
37902,2
23230,2
49082,2
31683,2
37994,2
37995,2
37971,2
8382,2
13205,2
37972,2
13974,2
29349,2
23829,2
37973,2
37970,2
14169,2
30037,2
37974,2
37996,2
37997,2
29625,2
11859,2
37976,2
11858,2
29626,2
11860,2
50373,2
37998,2
29627,2
37978,2
37843,2
37999,2
10691,2
68643,2
59948,2
23533,2
13438,2
38224,2
38225,2
37943,2
963,2
30244,2
8911,2
59606,2
61336,2
60464,2
62085,2
8120,2
20764,2
38228,2
61099,2
14511,2
30189,2
31741,2
10611,2
8110,2
13433,2
50742,2
31914,2
31933,2
29592,2
8667,2
38407,2
38402,2
2090,2
60671,2
59267,2
18820,2
38408,2
60063,2
61337,2
8644,2
11869,2
60002,2
23614,2
34201,2
38222,2
549,2
11884,2
18919,2
38609,2
16319,2
23284,2
10380,2
38403,2
8262,2
38404,2
30124,2
67627,2
38405,2
38446,2
18859,2
38406,2
32405,2
29597,2
60001,2
31936,2
9404,2
59917,2
29505,2
60974,2
59749,2
38197,2
37944,2
29770,2
541,2
56149,2
38214,2
29720,2
32274,2
29721,2
60855,2
5079,2
20415,2
60393,2
38447,2
14128,2
31959,2
16446,2
38192,2
60121,2
38238,2
61324,2
24247,2
38242,2
11870,2
60852,2
31809,2
8266,2
463,2
60105,2
3855,2
8104,2
60856,2
61817,2
38449,2
38523,2
29453,2
61429,2
38288,2
23307,2
38290,2
60673,2
20949,2
14125,2
51723,2
38312,2
34976,2
8227,2
38587,2
52514,2
31794,2
38503,2
31964,2
60387,2
21668,2
29854,2
29902,2
7924,2
59441,2
11526,2
7039,2
30019,2
7403,2
30892,2
29899,2
60004,2
31097,2
38459,2
31939,2
60994,2
61724,2
11106,2
61706,2
61084,2
59571,2
67063,2
51894,2
4640,2
18664,2
30945,2
7041,2
63946,2
7429,2
56337,2
56263,2
38524,2
60375,2
24286,2
37861,2
59835,2
31976,2
62743,2
9374,2
38458,2
31988,2
62599,2
5310,2
11937,2
4646,2
63296,2
59632,2
34799,2
29357,2
8358,2
2385,2
57512,2
60415,2
57658,2
60023,2
38689,2
60967,2
60019,2
52521,2
9341,2
58158,2
57779,2
60680,2
31617,2
57799,2
61353,2
57718,2
66988,2
58072,2
52800,2
59967,2
5426,2
60636,2
63278,2
60649,2
60985,2
60913,2
11581,2
60091,2
11166,2
58401,2
62768,2
62053,2
16449,2
59521,2
61354,2
58640,2
63942,2
59321,2
68412,2
58581,2
32399,2
61938,2
38080,2
60632,2
23338,2
59304,2
62758,2
8176,2
59643,2
20538,2
61176,2
58908,2
60823,2
58920,2
59872,2
60463,2
59637,2
60987,2
59486,2
61375,2
58931,2
59029,2
60988,2
60901,2
60989,2
60990,2
60991,2
60993,2
59217,2
29765,2
288,2
59897,2
60500,2
60942,2
61257,2
61425,2
59534,2
61820,2
61843,2
62295,2
62375,2
62562,2
62564,2
62873,2
62941,2
63006,2
60756,2
60627,2
61967,2
61679,2
63084,2
60524,2
61347,2
63147,2
63220,2
63221,2
63338,2
63424,2
63425,2
63232,2
63518,2
60095,2
63699,2
62853,2
63700,2
63701,2
63702,2
63703,2
59277,2
63768,2
67163,2
67465,2
67631,2
67647,2
67762,2
67795,2
60325,2
67298,2
5590,2
5437,2
5447,2
1634,2
43077,2
5438,2
64756,2
37869,2
5484,2
5471,2
5594,2
5597,2
60155,2
64678,2
3344,2
6524,2
64673,2
1904,2
9305,2
5587,2
1713,2
5585,2
9307,2
5562,2
20126,2
64733,2
6579,2
24945,2
64782,2
65018,2
5574,2
5651,2
5675,2
5722,2
1727,2
1614,2
65397,2
22831,2
36495,2
1880,2
5658,2
4280,2
27762,2
5781,2
5786,2
35031,2
22338,2
66134,2
35578,2
5712,2
36014,2
5670,2
6522,2
5773,2
5746,2
5767,2
1704,2
5757,2
40712,2
64812,2
5747,2
6487,2
64699,2
6505,2
1784,2
5555,2
6514,2
37794,2
6568,2
9840,2
6686,2
6612,2
6581,2
6734,2
40993,2
1730,2
6665,2
45622,2
27829,2
1849,2
1840,2
48919,2
66508,2
1685,2
14719,2
6780,2
6718,2
3306,2
64679,2
1790,2
42306,2
14741,2
6496,2
9863,2
14411,2
15056,2
1771,2
4536,2
22350,2
15068,2
35139,2
14403,2
35171,2
14463,2
14804,2
41047,2
14702,2
9893,2
6810,2
10347,2
1835,2
64832,2
14461,2
35983,2
9868,2
9756,2
14467,2
14690,2
1885,2
2023,2
35589,2
9937,2
1827,2
9896,2
28697,2
3346,2
9948,2
27648,2
27759,2
9900,2
9927,2
64768,2
1847,2
28593,2
27775,2
27776,2
20127,2
14708,2
10090,2
27745,2
9956,2
3219,2
6788,2
5726,2
10027,2
10000,2
35336,2
15438,2
35475,2
65027,2
9941,2
35159,2
10877,2
15577,2
10022,2
36357,2
66306,2
42613,2
14435,2
36010,2
66265,2
3904,2
10146,2
29853,2
28374,2
1770,2
4196,2
41148,2
43722,2
9919,2
3014,2
14875,2
3928,2
12096,2
14943,2
19551,2
3157,2
16057,2
3348,2
3305,2
43711,2
22367,2
6822,2
5601,2
35349,2
3296,2
24857,2
41687,2
42046,2
35350,2
24231,2
35351,2
2666,2
19696,2
14981,2
35348,2
6812,2
11011,2
42115,2
35219,2
15023,2
27632,2
36271,2
20260,2
11820,2
27631,2
35248,2
1936,2
27625,2
27722,2
24975,2
42301,2
20087,2
44904,2
44342,2
35304,2
20092,2
20105,2
4304,2
8467,2
20293,2
3090,2
13401,2
35279,2
53461,2
26003,2
20155,2
24422,2
20223,2
19659,2
6039,2
27494,2
42588,2
35473,2
12571,2
23768,2
35216,2
29579,2
29044,2
10320,2
36305,2
35474,2
35390,2
35439,2
26770,2
25102,2
35662,2
14979,2
11157,2
1970,2
19558,2
66242,2
22300,2
42225,2
10131,2
42970,2
38588,2
12400,2
30242,2
12580,2
5106,2
43487,2
65855,2
5551,2
60156,2
59576,2
2283,2
3156,2
42823,2
10098,2
24443,2
1977,2
1094,2
37253,2
1776,2
53712,2
9963,2
24780,2
42507,2
10133,2
24514,2
10288,2
24800,2
19555,2
6692,2
4707,2
46463,2
53541,2
38822,2
25413,2
4142,2
19699,2
44699,2
42116,2
44700,2
65627,2
39755,2
14914,2
46858,2
66273,2
10752,2
45624,2
44637,2
20193,2
22548,2
25457,2
63152,2
9138,2
35579,2
1658,2
43208,2
27582,2
2978,2
24467,2
28206,2
10308,2
43480,2
65848,2
65782,2
24815,2
65775,2
27826,2
38590,2
42891,2
6143,2
38591,2
35689,2
10205,2
43640,2
2940,2
36892,2
3990,2
27789,2
35618,2
7216,2
43211,2
24907,2
15479,2
9119,2
29681,2
24927,2
29609,2
35974,2
9438,2
24456,2
13019,2
14388,2
65822,2
25366,2
38592,2
61124,2
3006,2
25047,2
2991,2
26802,2
35975,2
43177,2
20873,2
32672,2
43166,2
3944,2
10165,2
2956,2
24437,2
3111,2
27723,2
8533,2
67625,2
8536,2
10886,2
43334,2
6578,2
24793,2
12601,2
28158,2
24930,2
3676,2
27744,2
43568,2
30095,2
66243,2
36215,2
22540,2
36216,2
12514,2
26957,2
25804,2
62193,2
3951,2
61995,2
35762,2
12573,2
2975,2
5116,2
35976,2
5033,2
55929,2
35775,2
43405,2
45443,2
62403,2
3029,2
8452,2
6756,2
22768,2
66101,2
10999,2
60329,2
36808,2
65894,2
8278,2
65420,2
37874,2
32665,2
4418,2
35117,2
25553,2
4053,2
24768,2
12300,2
64163,2
64279,2
6717,2
43659,2
26185,2
25954,2
25604,2
26672,2
45528,2
22434,2
3019,2
1280,2
22833,2
19350,2
37013,2
4257,2
25367,2
10025,2
14445,2
13214,2
5173,2
38933,2
27821,2
22550,2
27312,2
43598,2
46599,2
65919,2
64150,2
44721,2
7292,2
3193,2
22655,2
22580,2
36192,2
46337,2
36033,2
2963,2
7872,2
8494,2
33554,2
36217,2
61287,2
20892,2
3040,2
3144,2
39097,2
28608,2
43644,2
18657,2
22893,2
4025,2
10924,2
8465,2
43681,2
6148,2
9401,2
43989,2
22344,2
25459,2
44722,2
5090,2
3008,2
6386,2
32889,2
44098,2
45481,2
11822,2
10316,2
66959,2
37531,2
1788,2
18982,2
6145,2
20210,2
23901,2
6301,2
26545,2
43873,2
63466,2
65685,2
45488,2
3259,2
22455,2
23763,2
10966,2
35052,2
29986,2
19692,2
5215,2
33703,2
13304,2
43896,2
9032,2
26043,2
43628,2
6076,2
32496,2
3378,2
32701,2
6781,2
47594,2
27151,2
10914,2
11191,2
4466,2
23998,2
12078,2
22462,2
46533,2
38576,2
35408,2
64347,2
4595,2
45536,2
29107,2
35972,2
3969,2
4372,2
4387,2
9052,2
38577,2
6250,2
48,2
32560,2
64179,2
44712,2
37434,2
4072,2
6443,2
64180,2
13494,2
22573,2
27634,2
4305,2
3574,2
50787,2
45918,2
45720,2
4380,2
9275,2
26092,2
32626,2
4572,2
25961,2
2395,2
27649,2
12084,2
64262,2
25716,2
19042,2
2013,2
53745,2
22702,2
12618,2
26167,2
987,2
19818,2
11508,2
36983,2
1463,2
36059,2
25872,2
24110,2
26423,2
32612,2
3562,2
22616,2
36353,2
32676,2
6513,2
6360,2
4089,2
25416,2
27100,2
25952,2
46889,2
45708,2
36072,2
10195,2
26189,2
36080,2
32617,2
25555,2
5205,2
35801,2
6058,2
2024,2
20885,2
12134,2
3434,2
44781,2
52064,2
10226,2
67464,2
3245,2
19953,2
13432,2
9461,2
14492,2
4224,2
45721,2
14306,2
5207,2
4567,2
12444,2
4272,2
37324,2
3032,2
44489,2
13989,2
47944,2
6311,2
54082,2
27516,2
36126,2
27812,2
5024,2
26235,2
6031,2
11081,2
44724,2
4120,2
36469,2
4150,2
27063,2
66060,2
28438,2
5078,2
26597,2
20789,2
44717,2
2547,2
33552,2
2332,2
29550,2
10908,2
44830,2
22563,2
40436,2
26198,2
27642,2
18853,2
44754,2
36756,2
5351,2
2930,2
37795,2
14362,2
19084,2
5354,2
36550,2
25696,2
36185,2
26858,2
37790,2
44883,2
44836,2
53721,2
32606,2
11184,2
6026,2
45022,2
26517,2
66617,2
27173,2
18986,2
1997,2
19419,2
32779,2
14312,2
4218,2
4070,2
22645,2
14323,2
64303,2
30292,2
5222,2
25009,2
13473,2
10491,2
11333,2
37796,2
19495,2
6051,2
1277,2
3072,2
2303,2
20224,2
3727,2
726,2
4527,2
5272,2
416,2
6368,2
9631,2
45080,2
2417,2
3576,2
4113,2
2799,2
1038,2
36444,2
36860,2
23068,2
20859,2
537,2
63714,2
60364,2
36972,2
20651,2
48275,2
26410,2
20327,2
13525,2
11095,2
40071,2
7012,2
66047,2
50160,2
38219,2
18893,2
38582,2
61457,2
5326,2
37905,2
45315,2
9361,2
14482,2
64387,2
62332,2
30968,2
22770,2
3595,2
1111,2
1059,2
36454,2
34315,2
45347,2
14488,2
25623,2
13326,2
32979,2
3628,2
37046,2
66630,2
11037,2
4520,2
1227,2
32843,2
26629,2
27106,2
33859,2
62331,2
32994,2
9089,2
5355,2
36464,2
10935,2
47254,2
62422,2
3131,2
26649,2
6428,2
4267,2
33001,2
7965,2
19537,2
6871,2
19538,2
1717,2
36784,2
46352,2
27273,2
9455,2
31006,2
11077,2
26816,2
19540,2
32987,2
19080,2
1340,2
38593,2
3732,2
34831,2
32997,2
2750,2
6933,2
36494,2
19542,2
22729,2
7260,2
45686,2
13335,2
5328,2
2324,2
53126,2
1287,2
26717,2
23710,2
54422,2
32896,2
5333,2
19891,2
54090,2
25510,2
36510,2
33572,2
37006,2
33101,2
19372,2
5836,2
37325,2
46601,2
45628,2
36503,2
1298,2
4596,2
26734,2
33050,2
6071,2
37436,2
1545,2
38581,2
9075,2
1196,2
37797,2
46033,2
37565,2
14272,2
37441,2
11740,2
60089,2
29957,2
11367,2
40563,2
2524,2
11918,2
1581,2
27453,2
10192,2
26771,2
342,2
45884,2
6067,2
61374,2
22904,2
28156,2
54834,2
1108,2
24202,2
26800,2
9645,2
38583,2
11201,2
20663,2
3736,2
4499,2
25714,2
18807,2
45706,2
26922,2
26612,2
22849,2
26838,2
33191,2
7853,2
3488,2
45795,2
37449,2
9507,2
13482,2
7445,2
5324,2
8291,2
20560,2
14335,2
33084,2
46588,2
33158,2
5896,2
37450,2
14336,2
9691,2
14986,2
4082,2
64300,2
62498,2
12475,2
27871,2
2935,2
64664,1
35742,1
5444,1
40791,1
64675,1
5558,1
40683,1
64769,1
64775,1
11672,1
1620,1
5469,1
41371,1
40628,1
1641,1
5570,1
64719,1
5509,1
7703,1
5451,1
64701,1
5503,1
11686,1
64696,1
40842,1
5664,1
35116,1
59297,1
46861,1
5646,1
27636,1
41422,1
41402,1
46896,1
5583,1
65045,1
5663,1
66272,1
14656,1
11702,1
6750,1
5681,1
64786,1
66507,1
5606,1
67182,1
5650,1
40794,1
5520,1
42903,1
1668,1
14658,1
64882,1
42133,1
3342,1
3337,1
5598,1
14887,1
26951,1
45559,1
28373,1
1671,1
5776,1
14973,1
5775,1
26194,1
14770,1
5774,1
27746,1
64815,1
6608,1
64813,1
5593,1
1720,1
35016,1
64817,1
6600,1
26246,1
5701,1
25811,1
46942,1
5051,1
1731,1
40829,1
5623,1
41618,1
41660,1
41142,1
43578,1
65868,1
40721,1
64829,1
40850,1
1729,1
5787,1
65536,1
41055,1
40856,1
64910,1
27610,1
27611,1
6494,1
5474,1
35036,1
40728,1
24604,1
65220,1
10130,1
1625,1
64663,1
22844,1
64797,1
64705,1
60798,1
6827,1
66278,1
66504,1
40968,1
9994,1
48917,1
66505,1
13694,1
20263,1
65070,1
66506,1
48918,1
5654,1
65764,1
48920,1
64923,1
25792,1
66509,1
48921,1
5694,1
64883,1
6516,1
14466,1
42717,1
24421,1
9913,1
3258,1
41438,1
19640,1
20248,1
6678,1
15067,1
27757,1
42798,1
46862,1
6751,1
41039,1
65006,1
54292,1
42416,1
14412,1
40994,1
24440,1
24376,1
9908,1
6783,1
43742,1
66510,1
5493,1
28933,1
67775,1
6652,1
9976,1
6769,1
41118,1
41040,1
14424,1
40744,1
25827,1
42042,1
1822,1
5695,1
41072,1
6799,1
41193,1
43721,1
4876,1
1781,1
42043,1
1761,1
9884,1
41566,1
65239,1
42242,1
6811,1
14991,1
35341,1
41451,1
9918,1
14885,1
6668,1
9827,1
44368,1
9998,1
41810,1
65375,1
66591,1
43404,1
35409,1
41661,1
35743,1
24848,1
38415,1
1894,1
20169,1
41236,1
65719,1
6787,1
65052,1
42302,1
49639,1
5452,1
41199,1
41171,1
47599,1
14718,1
40680,1
1828,1
41210,1
14844,1
36020,1
10839,1
41208,1
15572,1
9945,1
27733,1
9958,1
5661,1
54408,1
42237,1
1946,1
62327,1
22552,1
65413,1
54433,1
12474,1
46584,1
48770,1
63625,1
15588,1
26100,1
41309,1
66293,1
35155,1
14809,1
41184,1
6407,1
43831,1
66304,1
29529,1
42297,1
9909,1
35863,1
1876,1
10035,1
10814,1
47395,1
66305,1
54222,1
41267,1
65647,1
4715,1
9997,1
46470,1
10118,1
14803,1
35748,1
41814,1
65379,1
41372,1
6610,1
29023,1
14402,1
14802,1
35173,1
42587,1
27715,1
43034,1
15057,1
66275,1
39046,1
59714,1
20288,1
6744,1
65384,1
10042,1
6825,1
26952,1
54225,1
25280,1
41538,1
6558,1
44341,1
54244,1
65297,1
41169,1
66539,1
14869,1
41594,1
54245,1
30345,1
39260,1
9946,1
24709,1
30392,1
41636,1
10103,1
14922,1
51122,1
44902,1
14889,1
64764,1
27598,1
41560,1
2924,1
61414,1
42303,1
42304,1
35560,1
14706,1
44807,1
42305,1
24363,1
19674,1
65240,1
15436,1
3899,1
39615,1
46723,1
40896,1
26680,1
40888,1
4432,1
15069,1
65051,1
41623,1
44909,1
41382,1
64872,1
3907,1
3327,1
7304,1
15003,1
65282,1
41546,1
35141,1
24299,1
22505,1
10085,1
44910,1
26448,1
12412,1
2032,1
41688,1
20221,1
22943,1
3890,1
44343,1
41818,1
65385,1
20192,1
24678,1
46943,1
45448,1
42415,1
66269,1
54072,1
50766,1
35245,1
35429,1
35957,1
14726,1
65371,1
20214,1
3285,1
11549,1
23754,1
26510,1
23755,1
23756,1
4438,1
3002,1
41811,1
65376,1
47692,1
24855,1
46334,1
3287,1
43340,1
65491,1
19700,1
13032,1
65497,1
3922,1
47693,1
15497,1
22399,1
5301,1
65138,1
15409,1
66301,1
28392,1
22266,1
27588,1
41294,1
27179,1
15029,1
22329,1
4391,1
20328,1
22292,1
53386,1
3939,1
20229,1
14974,1
1797,1
48284,1
20231,1
35270,1
24787,1
22267,1
2281,1
44908,1
62358,1
14475,1
4266,1
20179,1
68276,1
46859,1
53471,1
10922,1
20104,1
24941,1
42004,1
27704,1
22279,1
42224,1
35386,1
35376,1
20316,1
42729,1
24643,1
20308,1
23767,1
29015,1
22841,1
25493,1
24919,1
33219,1
4159,1
43213,1
14697,1
7482,1
20362,1
43214,1
53535,1
6732,1
65624,1
48771,1
46102,1
41922,1
23757,1
65806,1
43274,1
3935,1
37100,1
3283,1
29472,1
66325,1
36018,1
1897,1
26431,1
20138,1
42241,1
15415,1
42253,1
22297,1
39773,1
14223,1
43215,1
3936,1
183,1
19679,1
24406,1
42581,1
42502,1
15634,1
8672,1
26140,1
41668,1
24305,1
22422,1
229,1
5604,1
20083,1
10780,1
11668,1
27562,1
25054,1
4354,1
42812,1
49832,1
11029,1
44381,1
15410,1
3204,1
43216,1
9952,1
3578,1
43106,1
42079,1
42635,1
35478,1
25294,1
4581,1
14353,1
30011,1
62329,1
10076,1
42936,1
44688,1
44369,1
43931,1
19476,1
42420,1
43362,1
43332,1
22474,1
19006,1
43710,1
23758,1
43217,1
24336,1
46710,1
43705,1
44418,1
42553,1
65626,1
24372,1
26450,1
22307,1
35520,1
25552,1
48444,1
65956,1
26499,1
39092,1
26451,1
42645,1
44691,1
43078,1
24622,1
44698,1
42715,1
44891,1
24584,1
24653,1
43204,1
29486,1
54083,1
43218,1
41851,1
1851,1
46578,1
65735,1
10948,1
25101,1
22837,1
10917,1
65780,1
43395,1
44032,1
43569,1
53604,1
22330,1
24723,1
65973,1
27747,1
43219,1
42164,1
45439,1
40701,1
6200,1
22360,1
45440,1
35582,1
66307,1
24385,1
6655,1
23769,1
6370,1
66274,1
53823,1
27797,1
25027,1
66308,1
65603,1
3121,1
10030,1
43278,1
27613,1
37602,1
4315,1
42988,1
59353,1
22271,1
44911,1
22331,1
22287,1
42762,1
45449,1
44638,1
14186,1
55914,1
65781,1
7092,1
47511,1
66296,1
42797,1
39805,1
19110,1
42838,1
46325,1
35666,1
10834,1
43009,1
6134,1
46648,1
43271,1
42971,1
25439,1
45386,1
6698,1
26667,1
15498,1
45792,1
30714,1
11108,1
5171,1
44682,1
43124,1
65790,1
10170,1
24618,1
38266,1
25255,1
3080,1
43005,1
46261,1
4454,1
3898,1
23348,1
9944,1
65823,1
11693,1
26078,1
61669,1
26405,1
10995,1
42892,1
4042,1
43605,1
4453,1
24829,1
44701,1
43755,1
20188,1
12513,1
27658,1
54086,1
40878,1
38580,1
65851,1
45740,1
15387,1
43645,1
49659,1
43927,1
25025,1
66595,1
2420,1
35607,1
11061,1
27296,1
1934,1
25392,1
27735,1
63416,1
42650,1
65583,1
43141,1
14858,1
43647,1
20247,1
53487,1
22454,1
3112,1
14635,1
39454,1
43377,1
43680,1
26695,1
20277,1
8537,1
53631,1
66348,1
47670,1
53832,1
11787,1
27697,1
46670,1
55916,1
27579,1
20241,1
44702,1
46683,1
39854,1
44723,1
20870,1
66350,1
15094,1
4757,1
6140,1
50889,1
24928,1
25174,1
60490,1
9000,1
26086,1
3249,1
4335,1
3376,1
53743,1
12563,1
28155,1
8945,1
43309,1
3045,1
6260,1
26259,1
12578,1
26867,1
43925,1
3026,1
27794,1
39871,1
25175,1
6267,1
66309,1
20134,1
66310,1
8548,1
4589,1
44403,1
5339,1
24466,1
65404,1
39131,1
25075,1
46277,1
66135,1
44906,1
65833,1
43903,1
41612,1
3028,1
15614,1
8972,1
43596,1
26216,1
36167,1
46262,1
43725,1
24838,1
8996,1
55917,1
3118,1
43597,1
27097,1
3119,1
55928,1
44370,1
47901,1
25032,1
24926,1
65849,1
40939,1
55930,1
42933,1
66074,1
44831,1
55931,1
10310,1
22381,1
22340,1
45039,1
33702,1
54267,1
31411,1
23770,1
35700,1
46603,1
44703,1
3556,1
2990,1
33562,1
46346,1
46347,1
20884,1
8926,1
50390,1
25380,1
64920,1
66244,1
25345,1
66186,1
12577,1
12633,1
66245,1
46604,1
66246,1
46770,1
43206,1
7518,1
29823,1
66247,1
15442,1
43656,1
25304,1
49899,1
10326,1
12648,1
8997,1
2401,1
22412,1
39230,1
38880,1
44704,1
3122,1
64340,1
64341,1
64246,1
1056,1
44643,1
43651,1
64330,1
19336,1
46348,1
25512,1
37722,1
8029,1
19438,1
41671,1
6469,1
14711,1
62405,1
61683,1
25506,1
64260,1
64687,1
35977,1
22426,1
23760,1
4396,1
46349,1
44705,1
39143,1
48577,1
62772,1
32485,1
8543,1
66054,1
35865,1
10946,1
10952,1
43562,1
46977,1
66241,1
50393,1
27698,1
25502,1
43654,1
60238,1
35872,1
3065,1
44762,1
25381,1
44885,1
45967,1
6180,1
10972,1
23761,1
10329,1
48230,1
43588,1
41423,1
27509,1
19369,1
10459,1
43655,1
43604,1
46771,1
66248,1
26663,1
32533,1
43660,1
53873,1
37004,1
46598,1
3242,1
3123,1
64336,1
3244,1
38377,1
19051,1
42777,1
26668,1
64579,1
3247,1
6197,1
10052,1
3240,1
45268,1
6198,1
3243,1
3154,1
44211,1
45269,1
46605,1
42925,1
64292,1
9090,1
27612,1
27700,1
43639,1
28609,1
12617,1
6199,1
33874,1
32558,1
3155,1
4419,1
5216,1
12439,1
26673,1
48624,1
33556,1
46099,1
22443,1
22944,1
43221,1
11005,1
2974,1
46100,1
22601,1
10965,1
25562,1
43969,1
66034,1
43957,1
38821,1
33559,1
48625,1
36897,1
44706,1
43492,1
14895,1
54212,1
7864,1
32488,1
43812,1
43838,1
22543,1
46279,1
44690,1
45534,1
43451,1
43993,1
45535,1
43758,1
36745,1
44707,1
64298,1
36205,1
3145,1
1866,1
26607,1
3143,1
22835,1
48627,1
26032,1
45719,1
51945,1
46557,1
44866,1
46280,1
64095,1
26543,1
43100,1
25648,1
42181,1
25131,1
54464,1
43972,1
3672,1
63879,1
40183,1
26544,1
43806,1
27134,1
26674,1
46396,1
32470,1
4202,1
7151,1
63923,1
45530,1
39263,1
28610,1
32866,1
23771,1
60342,1
6833,1
23349,1
44422,1
64878,1
40815,1
27699,1
35854,1
10978,1
8983,1
43830,1
46340,1
45302,1
43730,1
6478,1
46338,1
27240,1
32498,1
35892,1
9578,1
26131,1
7873,1
42037,1
25308,1
10466,1
50733,1
36101,1
66132,1
25006,1
49643,1
43981,1
28226,1
28611,1
45531,1
25524,1
5083,1
46600,1
25685,1
32516,1
23772,1
54411,1
6233,1
25646,1
43959,1
44708,1
5071,1
44693,1
44709,1
50768,1
6221,1
10341,1
27660,1
30012,1
62330,1
44710,1
28487,1
66960,1
44912,1
10342,1
45946,1
43997,1
21855,1
44711,1
25740,1
5192,1
44694,1
25582,1
33558,1
25747,1
64299,1
49900,1
10069,1
25694,1
22624,1
143,1
44112,1
46772,1
66249,1
44713,1
9484,1
45162,1
25464,1
49660,1
3210,1
49902,1
1114,1
44714,1
48603,1
35299,1
44051,1
20250,1
25732,1
26021,1
32543,1
62773,1
3997,1
47217,1
48769,1
22325,1
44303,1
45919,1
36289,1
44715,1
54747,1
44696,1
48289,1
66604,1
25794,1
32574,1
9467,1
47902,1
39807,1
19457,1
11801,1
50769,1
30322,1
32590,1
12516,1
12124,1
35910,1
3104,1
3552,1
11959,1
5028,1
27719,1
54733,1
15513,1
64365,1
27626,1
47903,1
1462,1
44182,1
22501,1
5165,1
3298,1
46923,1
46124,1
8054,1
9481,1
23773,1
6346,1
54080,1
6297,1
10954,1
6839,1
188,1
44268,1
9482,1
7852,1
53810,1
32557,1
19822,1
44500,1
6347,1
7868,1
10252,1
5799,1
4875,1
6306,1
11042,1
39948,1
5259,1
44226,1
65081,1
46626,1
50788,1
62425,1
66690,1
38915,1
25977,1
28612,1
24783,1
35704,1
44134,1
44240,1
3405,1
53755,1
3106,1
51957,1
32627,1
2286,1
10982,1
12565,1
36408,1
4722,1
1466,1
19043,1
44253,1
46131,1
1075,1
15428,1
5385,1
26424,1
44278,1
52319,1
46252,1
27208,1
32593,1
22617,1
44302,1
46654,1
28743,1
38884,1
37459,1
63853,1
65992,1
25850,1
27036,1
12466,1
32887,1
6438,1
51970,1
6444,1
53766,1
10180,1
4679,1
46986,1
22910,1
1918,1
4190,1
6401,1
1079,1
30419,1
22865,1
38893,1
51964,1
9354,1
28488,1
66961,1
66704,1
24960,1
45406,1
52320,1
24239,1
36151,1
1803,1
6445,1
66597,1
6337,1
46342,1
10198,1
24965,1
40189,1
51965,1
60549,1
39197,1
8994,1
9352,1
6344,1
49020,1
5285,1
46077,1
28371,1
53454,1
26008,1
10463,1
32653,1
26675,1
9351,1
12117,1
9476,1
46343,1
27777,1
26694,1
25719,1
46350,1
12460,1
27319,1
53671,1
47904,1
45321,1
54289,1
3057,1
36171,1
25614,1
19518,1
710,1
45444,1
12141,1
1151,1
53784,1
45215,1
22606,1
46109,1
33970,1
39751,1
36088,1
27934,1
66962,1
14996,1
44853,1
3463,1
47588,1
19082,1
45287,1
1097,1
47905,1
66616,1
1052,1
24786,1
36647,1
26152,1
11120,1
19009,1
47589,1
61728,1
40029,1
14356,1
32755,1
32692,1
26404,1
36442,1
26380,1
36259,1
5021,1
36942,1
46962,1
45299,1
47218,1
1098,1
53797,1
45676,1
7226,1
11030,1
40187,1
11676,1
22544,1
44861,1
459,1
4223,1
11024,1
26696,1
6052,1
3257,1
26494,1
50747,1
66178,1
49131,1
27510,1
64415,1
3979,1
44832,1
28613,1
36405,1
44778,1
41364,1
13284,1
64396,1
44612,1
44616,1
5113,1
44617,1
26426,1
40561,1
44777,1
44801,1
66599,1
18989,1
50159,1
24760,1
38837,1
22603,1
44543,1
27025,1
48700,1
30351,1
37671,1
66328,1
33553,1
44145,1
47062,1
53361,1
49002,1
27082,1
51211,1
32717,1
62168,1
40184,1
52061,1
26142,1
44716,1
32772,1
32836,1
22575,1
24530,1
22684,1
2425,1
64160,1
19083,1
27692,1
239,1
53854,1
44399,1
32747,1
32891,1
64419,1
44763,1
11099,1
38892,1
13743,1
6447,1
22843,1
1750,1
26502,1
32758,1
42829,1
46736,1
32690,1
11089,1
40431,1
44963,1
1274,1
47884,1
49003,1
21266,1
63263,1
26716,1
1387,1
49004,1
46228,1
54285,1
32892,1
62493,1
1386,1
19361,1
32749,1
36288,1
48701,1
8728,1
45033,1
13648,1
18831,1
22537,1
32890,1
32844,1
9144,1
26163,1
2232,1
1135,1
53881,1
22316,1
30267,1
48408,1
26224,1
3566,1
45284,1
36227,1
46993,1
1124,1
65950,1
33312,1
46655,1
7241,1
36186,1
12464,1
19367,1
1137,1
32823,1
4210,1
6171,1
46010,1
26225,1
27101,1
36202,1
66058,1
1141,1
66601,1
7704,1
48285,1
49939,1
32871,1
66315,1
1140,1
62038,1
44870,1
45583,1
55937,1
29824,1
39452,1
4401,1
37261,1
32764,1
32957,1
44872,1
32865,1
48286,1
28154,1
32539,1
5141,1
46098,1
1275,1
63158,1
23246,1
19086,1
27741,1
44893,1
3940,1
26708,1
34882,1
47140,1
66602,1
39756,1
4211,1
45677,1
36411,1
1219,1
45024,1
22699,1
35663,1
32834,1
45147,1
45446,1
23774,1
12424,1
27102,1
11374,1
66618,1
23014,1
63234,1
26434,1
20610,1
45322,1
4548,1
6426,1
1048,1
46630,1
46464,1
26927,1
32872,1
7603,1
48702,1
45754,1
61186,1
63047,1
66619,1
59387,1
49123,1
5305,1
10346,1
1105,1
22685,1
36254,1
1278,1
22596,1
60327,1
22602,1
22736,1
47699,1
1279,1
2720,1
40437,1
26081,1
4918,1
12642,1
21272,1
9120,1
708,1
4244,1
51204,1
33440,1
47720,1
45659,1
38771,1
6863,1
4351,1
30285,1
153,1
53835,1
32455,1
45264,1
11176,1
12101,1
64192,1
40190,1
45301,1
4095,1
36940,1
13649,1
19070,1
26642,1
13454,1
45579,1
54085,1
19099,1
66167,1
45824,1
32918,1
33712,1
40001,1
36187,1
37021,1
24313,1
40002,1
46437,1
47595,1
40188,1
27105,1
35869,1
22888,1
25901,1
106,1
37164,1
1181,1
19723,1
22812,1
12916,1
48616,1
7311,1
40438,1
26626,1
32926,1
45288,1
6211,1
13480,1
13226,1
55938,1
44953,1
66620,1
66102,1
33913,1
33713,1
24477,1
46351,1
66621,1
33472,1
39965,1
4680,1
32795,1
44224,1
66214,1
7565,1
9124,1
45353,1
33122,1
9603,1
52033,1
8000,1
45323,1
66622,1
47288,1
33886,1
9123,1
46345,1
1313,1
11105,1
49005,1
3719,1
24831,1
26623,1
3691,1
24166,1
5140,1
61564,1
33125,1
45678,1
54382,1
66624,1
52350,1
3720,1
3721,1
3729,1
15799,1
26776,1
66625,1
12229,1
50362,1
11010,1
19726,1
19724,1
50789,1
25736,1
3722,1
49601,1
5105,1
26633,1
45326,1
2890,1
26625,1
3671,1
45485,1
6952,1
62594,1
1314,1
13486,1
45333,1
46899,1
26381,1
3730,1
13472,1
3723,1
66114,1
4231,1
3624,1
6057,1
1210,1
46229,1
66400,1
48122,1
66605,1
3423,1
66606,1
66607,1
26730,1
1376,1
54832,1
31459,1
9257,1
45380,1
20180,1
26670,1
26871,1
66610,1
26616,1
1377,1
54426,1
25991,1
1160,1
45394,1
12231,1
6573,1
33513,1
10266,1
1265,1
27964,1
47183,1
19079,1
36001,1
40432,1
4363,1
7977,1
33578,1
10652,1
38069,1
64486,1
33503,1
45087,1
40439,1
1397,1
55939,1
48704,1
12929,1
2205,1
40069,1
19073,1
46527,1
45518,1
36471,1
4309,1
22721,1
22011,1
3731,1
1301,1
46525,1
7266,1
1302,1
66608,1
12234,1
9510,1
1272,1
60491,1
46528,1
26671,1
28,1
26677,1
19085,1
9366,1
1332,1
41452,1
66609,1
6954,1
22763,1
45455,1
1440,1
13458,1
45454,1
33020,1
21544,1
5311,1
22862,1
40291,1
45532,1
46353,1
47590,1
25287,1
33584,1
47366,1
2380,1
48540,1
6110,1
51213,1
23979,1
45482,1
62878,1
1295,1
46287,1
33514,1
33103,1
39778,1
39809,1
5056,1
33030,1
66626,1
32992,1
64282,1
9387,1
66149,1
19830,1
66627,1
3724,1
46976,1
46924,1
3734,1
26888,1
45503,1
5338,1
66611,1
46288,1
36493,1
45771,1
22659,1
26781,1
33504,1
33638,1
33452,1
25826,1
66612,1
66027,1
1474,1
45581,1
39297,1
19194,1
22961,1
26169,1
3725,1
7122,1
45533,1
41173,1
45590,1
38917,1
66628,1
63329,1
33167,1
7580,1
34582,1
33573,1
33515,1
66629,1
2212,1
63330,1
54451,1
40440,1
40230,1
45555,1
45560,1
9503,1
6867,1
47596,1
4755,1
33090,1
25996,1
1436,1
4514,1
33467,1
50771,1
33139,1
45580,1
4904,1
2224,1
33024,1
26790,1
33093,1
45629,1
60086,1
9520,1
46465,1
38815,1
47602,1
1582,1
46289,1
28122,1
37238,1
33575,1
46354,1
4543,1
30388,1
63415,1
45687,1
33717,1
46045,1
55941,1
4655,1
66631,1
45247,1
45640,1
54429,1
30961,1
40288,1
33639,1
5913,1
22787,1
36537,1
47886,1
46034,1
16355,1
28437,1
6398,1
45866,1
22082,1
7599,1
45843,1
33505,1
40213,1
10472,1
36480,1
45753,1
15027,1
46466,1
45698,1
47067,1
47043,1
15586,1
5153,1
22677,1
12938,1
54491,1
62494,1
28185,1
45940,1
49174,1
33096,1
33343,1
15682,1
48705,1
48706,1
45865,1
63235,1
66632,1
7863,1
33715,1
4637,1
46046,1
18808,1
37145,1
61807,1
36558,1
45709,1
25048,1
51089,1
62495,1
36050,1
66429,1
33237,1
19113,1
48287,1
4406,1
33188,1
3735,1
54089,1
13842,1
45714,1
33637,1
45735,1
32932,1
33581,1
19114,1
45737,1
50770,1
4497,1
15680,1
2575,1
48737,1
66430,1
13295,1
26842,1
48569,1
33123,1
45774,1
36616,1
13371,1
45848,1
22687,1
47367,1
50772,1
30309,1
45773,1
12196,1
45477,1
10336,1
3956,1
66963,1
19783,1
21545,1
33124,1
2388,1
46047,1
37589,1
19066,1
27482,1
33719,1
32869,1
52182,1
12935,1
1579,1
47591,1
13475,1
6913,1
66438,1
3707,1
14342,1
47570,1
66334,1
64296,1
21442,1
33953,1
48707,1
19806,1
30280,1
22830,1
49591,1
48524,1
66431,1
27939,1
27140,1
33224,1
33484,1
48708,1
48709,1
46538,1
46014,1
5109,1
46712,1
19362,1
39455,1
13481,1
22374,1
8374,1
64198,1
30770,1
1237,1
61809,1
48710,1
13728,1
12233,1
45891,1
1149,1
46479,1
62164,1
47418,1
10244,1
11498,1
52982,1
60833,1
7048,1
38497,1
50562,1
8342,1
62606,1
59742,1
20786,1
30018,1
62342,1
48858,1
22189,1
60611,1
56328,1
23799,1
61614,1
62848,1
11557,1
30003,1
370,1
8784,1
30907,1
23365,1
9677,1
336,1
60582,1
60362,1
30034,1
60804,1
51872,1
51873,1
50635,1
52976,1
50636,1
34980,1
52536,1
50655,1
34785,1
31391,1
51904,1
60175,1
23832,1
5540,1
15835,1
22192,1
14061,1
60341,1
34777,1
61037,1
327,1
61834,1
62415,1
50754,1
31746,1
30191,1
30080,1
38785,1
62411,1
29226,1
62397,1
30089,1
63253,1
30097,1
68281,1
8092,1
12733,1
49098,1
519,1
30107,1
62088,1
60660,1
30050,1
67151,1
62061,1
55976,1
34790,1
51891,1
61790,1
14528,1
55981,1
48851,1
50859,1
50865,1
34360,1
59268,1
67167,1
61061,1
56001,1
67583,1
50959,1
62637,1
8346,1
8366,1
22255,1
11660,1
50962,1
60413,1
30182,1
50973,1
43357,1
8357,1
30230,1
15277,1
30245,1
15159,1
11938,1
11940,1
18672,1
8140,1
63653,1
67223,1
53158,1
32096,1
62089,1
31121,1
66986,1
51125,1
34829,1
62572,1
7815,1
11493,1
34830,1
57526,1
57524,1
62641,1
62796,1
56038,1
12826,1
61797,1
57605,1
62021,1
56357,1
57570,1
8017,1
57593,1
51826,1
62343,1
34274,1
57576,1
59912,1
15260,1
57602,1
61791,1
8087,1
57577,1
39586,1
57683,1
63344,1
38338,1
62090,1
66782,1
57849,1
62770,1
60905,1
59445,1
60906,1
58073,1
32359,1
53288,1
57741,1
58121,1
63654,1
57599,1
56308,1
63655,1
58122,1
63656,1
2646,1
58063,1
58131,1
67224,1
58020,1
58093,1
61496,1
61528,1
57949,1
598,1
58077,1
48791,1
66965,1
58033,1
62204,1
15868,1
59653,1
57753,1
63102,1
57950,1
57951,1
57717,1
66987,1
58040,1
62629,1
55797,1
59456,1
57601,1
58054,1
66695,1
60537,1
58074,1
58154,1
60521,1
59361,1
58125,1
57980,1
58075,1
55620,1
58165,1
58356,1
63657,1
58262,1
58239,1
58261,1
60332,1
58340,1
66689,1
58327,1
10412,1
66989,1
10439,1
61320,1
60912,1
60410,1
60550,1
58348,1
61584,1
58397,1
29873,1
23813,1
58422,1
43154,1
58421,1
63297,1
35845,1
60334,1
58376,1
58347,1
58466,1
58456,1
50316,1
61361,1
58539,1
60335,1
58518,1
59971,1
58513,1
61201,1
61000,1
58524,1
38435,1
56033,1
60312,1
8258,1
60314,1
60050,1
58578,1
67225,1
58604,1
60140,1
58098,1
68619,1
61352,1
58664,1
58670,1
51804,1
58685,1
61937,1
40621,1
60129,1
66784,1
7525,1
58927,1
58700,1
61401,1
22211,1
58928,1
67831,1
60738,1
32240,1
60907,1
59843,1
58757,1
60336,1
14008,1
60898,1
57908,1
61803,1
67806,1
58771,1
58789,1
63940,1
58781,1
60914,1
10417,1
62091,1
66785,1
58811,1
60908,1
60897,1
32065,1
61939,1
61940,1
59581,1
61258,1
60648,1
61259,1
58862,1
3535,1
59328,1
52525,1
60903,1
13913,1
58735,1
14653,1
67832,1
58919,1
66990,1
59909,1
58948,1
61402,1
58484,1
61403,1
57610,1
58797,1
47540,1
60484,1
58635,1
60909,1
67085,1
58986,1
60652,1
60732,1
211,1
60138,1
59038,1
60538,1
60775,1
60759,1
59008,1
20678,1
60076,1
58877,1
59072,1
51654,1
60338,1
31908,1
59459,1
59083,1
57647,1
59657,1
59911,1
59002,1
59528,1
23111,1
63064,1
59118,1
63519,1
59125,1
63100,1
58785,1
61723,1
11425,1
59158,1
26926,1
60915,1
59144,1
59460,1
59151,1
60092,1
26123,1
63941,1
59182,1
60518,1
60992,1
8203,1
61441,1
62015,1
60539,1
59627,1
7772,1
59247,1
59858,1
59330,1
60333,1
60360,1
60317,1
60381,1
60497,1
60580,1
60511,1
60609,1
60651,1
60837,1
60279,1
60996,1
68133,1
61470,1
61399,1
61371,1
61248,1
62987,1
60376,1
61613,1
61786,1
61913,1
63949,1
67755,1
62077,1
67972,1
62381,1
61188,1
62514,1
62328,1
61759,1
62450,1
61674,1
62849,1
62593,1
59629,1
60181,1
61510,1
66779,1
66406,1
62879,1
62938,1
62949,1
60015,1
60477,1
63072,1
60000,1
63058,1
63091,1
61138,1
62759,1
63312,1
68000,1
63345,1
68013,1
63389,1
63333,1
62022,1
60733,1
60263,1
59276,1
63527,1
63658,1
63822,1
61910,1
64349,1
60889,1
63970,1
63715,1
63898,1
63869,1
63718,1
63732,1
63727,1
60507,1
59404,1
64022,1
64096,1
63983,1
67064,1
63660,1
67990,1
67065,1
66946,1
66966,1
68020,1
66979,1
68028,1
67086,1
67306,1
67203,1
67226,1
61283,1
67358,1
62735,1
67153,1
62149,1
67472,1
64235,1
67479,1
67572,1
67561,1
67514,1
63475,1
67629,1
61233,1
67823,1
67774,1
67786,1
67836,1
67776,1
62555,1
60718,1
60309,1
68053,1
62746,1
67938,1
67984,1
60135,1
68201,1
59465,1
68214,1
68192,1
68282,1
68389,1
62326,1
63440,1
67960,1
59633,1
2593,1
45899,1
33170,1
9058,1
54282,1
32959,1
64471,1
46050,1
1324,1
30332,1
18855,1
2053,1
30439,1
66432,1
33567,1
46355,1
49592,1
27052,1
48711,1
720,1
33701,1
3937,1
44382,1
7755,1
1337,1
46143,1
33568,1
39022,1
55709,1
62497,1
45886,1
33189,1
28090,1
63428,1
33518,1
32658,1
50790,1
14181,1
22726,1
26928,1
47089,1
50243,1
50244,1
10497,1
50245,1
30272,1
23860,1
46374,1
12912,1
21751,1
22815,1
30444,1
66168,1
27972,1
33442,1
23732,1
64281,1
27053,1
7517,1
14679,1
54286,1
22741,1
49047,1
10243,1
22790,1
52207,1
54067,1
27051,1
26799,1
66439,1
11178,1
26261,1
28236,1
4187,1
33253,1
27049,1
52204,1
30349,1
47084,1
20392,1
49593,1
37392,1
27332,1
1122,1
50246,1
10245,1
23699,1
66433,1
54622,1
49169,1
10941,1
30282,1
36639,1
33206,1
36475,1
8488,1
30281,1
33217,1
22410,1
60541,1
19366,1
52089,1
50247,1
52093,1
33210,1
19108,1
13341,1
1594,1
47843,1
66177,1
30286,1
33214,1
47627,1
47628,1
27047,1
30284,1
66193,1
40354,1
19151,1
23034,1
66221,1
28302,1
30402,1
50248,1
48714,1
33569,1
48715,1
13291,1
9067,1
32120,1
25273,1
33519,1
2525,1
47592,1
46530,1
13345,1
47593,1
22796,1
50773,1
23537,1
46326,1
55942,1
12966,1
33587,1
27167,1
15716,1
13338,1
30287,1
33579,1
31669,1
3809,1
60372,1
66195,1
11087,1
50663,1
40163,1
49551,1
36650,1
13340,1
22840,1
13290,1
36247,1
6350,1
52082,1
16220,1
2571,1
45003,1
13397,1
36760,1
4238,1
66613,1
49129,1
6111,1
54128,1
13049,1
27244,1
36848,1
15712,1
4661,1
60512,1
2329,1
4937,1
1475,1
46147,1
27095,1
46168,1
31603,1
46150,1
13272,1
13332,1
13498,1
55944,1
9681,1
7670,1
39879,1
7014,1
30082,1
63236,1
30656,1
55710,1
62499,1
39880,1
66440,1
36822,1
66176,1
40112,1
50363,1
33342,1
40113,1
12344,1
64241,1
30435,1
48041,1
33354,1
40197,1
40198,1
33383,1
13502,1
46315,1
19378,1
33463,1
33239,1
33082,1
46657,1
27138,1
28508,1
27211,1
60970,1
33114,1
22780,1
11583,1
54149,1
2315,1
18743,1
53736,1
36767,1
47531,1
55946,1
19414,1
32856,1
49171,1
11177,1
2133,1
63237,1
47066,1
7272,1
54528,1
27144,1
5397,1
13297,1
146,1
33851,1
40324,1
40168,1
47368,1
46480,1
47446,1
30355,1
66633,1
16064,1
22951,1
30199,1
33252,1
53305,1
54134,1
40441,1
48574,1
60513,1
47369,1
62684,1
13474,1
6972,1
48619,1
33662,1
50774,1
66335,1
26012,1
4736,1
23844,1
20381,1
20382,1
62175,1
49170,1
22756,1
63911,1
25992,1
33299,1
33268,1
3593,1
47112,1
36704,1
21313,1
54421,1
33523,1
46695,1
48025,1
54520,1
30608,1
5224,1
61810,1
33570,1
25700,1
16238,1
63238,1
29551,1
49176,1
38926,1
63948,1
38782,1
62406,1
27242,1
36576,1
60514,1
7706,1
54815,1
46290,1
40165,1
19744,1
9037,1
13007,1
46293,1
27183,1
1603,1
47354,1
10649,1
8798,1
46299,1
54535,1
18781,1
7615,1
23851,1
7179,1
46387,1
59739,1
46386,1
4488,1
18771,1
23882,1
8668,1
19970,1
6098,1
27073,1
46658,1
36952,1
27194,1
55945,1
15744,1
21265,1
66207,1
14786,1
4037,1
20848,1
66208,1
38922,1
3496,1
60158,1
66061,1
24077,1
2411,1
38850,1
10344,1
44364,1
19745,1
16067,1
12666,1
4564,1
54453,1
46356,1
47352,1
38975,1
40410,1
50429,1
10936,1
46418,1
50791,1
22808,1
15943,1
37300,1
30447,1
48274,1
7963,1
46372,1
27238,1
24615,1
29868,1
21237,1
27266,1
53266,1
27316,1
5565,1
54066,1
15919,1
3140,1
54901,1
18776,1
21238,1
3515,1
47931,1
22326,1
52076,1
4570,1
27150,1
50161,1
5859,1
15794,1
27474,1
10655,1
37130,1
6088,1
27448,1
46602,1
22817,1
20387,1
46711,1
30449,1
3478,1
68036,1
4732,1
24022,1
52322,1
15367,1
64148,1
31007,1
46727,1
40433,1
1434,1
33377,1
11097,1
21239,1
8065,1
46432,1
49553,1
19746,1
46728,1
34848,1
46449,1
6949,1
5290,1
23863,1
64467,1
46560,1
29918,1
63239,1
28211,1
37152,1
33339,1
15706,1
54784,1
9611,1
52107,1
26093,1
55028,1
24023,1
27297,1
46475,1
27315,1
46814,1
5419,1
46671,1
66370,1
15833,1
52682,1
19839,1
19838,1
54486,1
1068,1
11714,1
13384,1
39798,1
36932,1
13270,1
43459,1
33397,1
60153,1
2515,1
27372,1
21240,1
51123,1
46531,1
46606,1
11514,1
9678,1
2448,1
40616,1
2496,1
4708,1
63564,1
18772,1
48620,1
13339,1
20396,1
7005,1
13301,1
62333,1
30014,1
62334,1
33486,1
48525,1
66434,1
50792,1
47714,1
64385,1
11046,1
3930,1
46672,1
45713,1
26015,1
25191,1
20270,1
63240,1
31560,1
11506,1
16068,1
9651,1
845,1
27473,1
27975,1
62965,1
6965,1
30090,1
63241,1
732,1
26239,1
21502,1
28091,1
15541,1
8813,1
8749,1
28586,1
40451,1
48621,1
25950,1
28551,1
15715,1
46638,1
30404,1
8801,1
2157,1
36863,1
45999,1
66169,1
21374,1
30762,1
6821,1
19451,1
14538,1
21350,1
28587,1
46729,1
8284,1
37203,1
25237,1
28590,1
54154,1
28199,1
50775,1
3461,1
64178,1
61811,1
9649,1
4995,1
13330,1
15662,1
68618,1
3744,1
15765,1
10692,1
48388,1
28588,1
27397,1
53195,1
30948,1
28398,1
60339,1
30950,1
40434,1
32904,1
21353,1
22855,1
30951,1
7888,1
20467,1
13535,1
54830,1
21472,1
21754,1
5959,1
3737,1
38861,1
28614,1
2639,1
50777,1
31406,1
27475,1
40256,1
19974,1
31039,1
27415,1
30450,1
67213,1
66346,1
33661,1
67802,1
38864,1
28052,1
51261,1
64463,1
64464,1
4737,1
21352,1
22921,1
28589,1
18890,1
62967,1
19906,1
2435,1
11170,1
31408,1
25932,1
66250,1
9657,1
7410,1
4346,1
4966,1
15446,1
50793,1
10745,1
21230,1
16065,1
2710,1
63331,1
47524,1
2546,1
47842,1
13399,1
63950,1
47343,1
2471,1
40442,1
8234,1
19172,1
2319,1
19896,1
27769,1
60515,1
19897,1
21755,1
47516,1
35672,1
47447,1
12871,1
897,1
21756,1
2389,1
7325,1
12056,1
19898,1
47353,1
66436,1
48526,1
64346,1
27841,1
22994,1
33614,1
66280,1
23186,1
4523,1
47009,1
54831,1
19899,1
61195,1
19900,1
66985,1
4738,1
156,1
21242,1
4689,1
19901,1
19907,1
47023,1
23940,1
49104,1
21649,1
55524,1
22708,1
30451,1
25483,1
7257,1
48604,1
22881,1
40371,1
47603,1
2368,1
48085,1
47173,1
48092,1
21473,1
3680,1
4735,1
19524,1
54769,1
10564,1
27147,1
21765,1
50794,1
49834,1
33954,1
30217,1
67214,1
48622,1
21767,1
47654,1
3765,1
48094,1
47355,1
63368,1
47655,1
30507,1
48095,1
28221,1
47233,1
15808,1
7591,1
27927,1
45893,1
48096,1
37226,1
47652,1
24076,1
8707,1
46535,1
48097,1
28222,1
62070,1
13360,1
48098,1
48086,1
28675,1
48099,1
14040,1
2602,1
63339,1
55030,1
2116,1
21657,1
23235,1
37497,1
48100,1
47926,1
48087,1
8802,1
8560,1
15866,1
37051,1
49554,1
21758,1
3519,1
27946,1
21768,1
47653,1
1605,1
2598,1
7757,1
19902,1
48293,1
2311,1
34749,1
63951,1
49105,1
15759,1
33623,1
48088,1
50743,1
47453,1
15850,1
4764,1
47272,1
35,1
31686,1
47405,1
447,1
19903,1
37185,1
48102,1
66774,1
50454,1
22579,1
62335,1
48103,1
48294,1
65965,1
59944,1
19908,1
19904,1
242,1
63645,1
11197,1
49641,1
66634,1
30711,1
39811,1
30466,1
28281,1
28027,1
32194,1
13313,1
28967,1
67215,1
30802,1
2620,1
33763,1
68043,1
2621,1
66437,1
27996,1
28816,1
6872,1
2605,1
26231,1
204,1
9616,1
47321,1
50795,1
54676,1
31802,1
48089,1
48617,1
50153,1
56352,1
47189,1
50664,1
50974,1
37204,1
26919,1
31424,1
38853,1
27731,1
21769,1
4667,1
47370,1
60642,1
48605,1
15883,1
63731,1
47660,1
47409,1
33955,1
32110,1
63733,1
54833,1
6950,1
54770,1
54785,1
48628,1
48814,1
2338,1
3726,1
8604,1
33720,1
55019,1
21760,1
24268,1
21372,1
21454,1
51124,1
5011,1
32195,1
3500,1
22076,1
11543,1
13331,1
22890,1
21759,1
48104,1
15843,1
21770,1
23004,1
49594,1
31449,1
33847,1
64231,1
4775,1
15902,1
48026,1
62513,1
54758,1
62844,1
37067,1
12658,1
55712,1
62501,1
66319,1
50796,1
28168,1
31587,1
64211,1
34886,1
48570,1
22778,1
30810,1
15957,1
13358,1
2802,1
51372,1
27398,1
5389,1
63242,1
39819,1
21440,1
52212,1
15840,1
13787,1
47615,1
50462,1
11239,1
15892,1
49149,1
26524,1
51373,1
52698,1
16019,1
21437,1
38140,1
60395,1
47492,1
30015,1
62336,1
30084,1
63243,1
22107,1
30083,1
63244,1
28116,1
22913,1
47515,1
48000,1
50463,1
21650,1
15981,1
5361,1
20524,1
8847,1
27942,1
63245,1
32282,1
14498,1
10418,1
6942,1
66740,1
27965,1
48091,1
15909,1
31450,1
48812,1
62986,1
50574,1
63952,1
20762,1
5002,1
15975,1
2654,1
36886,1
48731,1
31605,1
31592,1
55351,1
19523,1
67216,1
23337,1
48735,1
49616,1
15238,1
4785,1
48231,1
751,1
7576,1
63734,1
28145,1
48868,1
34067,1
4799,1
22917,1
8286,1
2717,1
62783,1
31618,1
50464,1
62988,1
63953,1
15920,1
68029,1
66614,1
28169,1
66542,1
14609,1
9737,1
48618,1
49183,1
34245,1
15871,1
60709,1
33884,1
62989,1
55352,1
21548,1
48001,1
60809,1
14610,1
19905,1
34887,1
34246,1
21463,1
30803,1
50465,1
11207,1
14611,1
48029,1
36686,1
8376,1
50778,1
30213,1
67217,1
40597,1
50779,1
38827,1
2840,1
11208,1
66349,1
534,1
61812,1
23032,1
48869,1
9767,1
47675,1
21761,1
11202,1
9731,1
63736,1
15973,1
50780,1
28200,1
22739,1
5012,1
911,1
55902,1
47014,1
51375,1
30521,1
40435,1
19187,1
15888,1
61813,1
50858,1
31634,1
14621,1
23487,1
48732,1
9749,1
66359,1
61015,1
13312,1
30864,1
32112,1
63738,1
20625,1
61018,1
48441,1
38956,1
23519,1
32134,1
21549,1
61019,1
12883,1
47712,1
14494,1
6941,1
47717,1
28804,1
48002,1
66705,1
51134,1
28219,1
38957,1
21315,1
21753,1
28223,1
13427,1
8823,1
10197,1
2069,1
2057,1
29943,1
60667,1
29025,1
8289,1
25860,1
66355,1
48440,1
14200,1
30727,1
14612,1
7504,1
31623,1
13422,1
30508,1
21669,1
30728,1
61021,1
68019,1
33885,1
62990,1
33137,1
28298,1
50466,1
52266,1
23700,1
63797,1
644,1
34917,1
31627,1
32290,1
47834,1
9473,1
50467,1
21478,1
50468,1
48232,1
62991,1
60626,1
52267,1
33893,1
60669,1
34915,1
63748,1
13404,1
55226,1
50430,1
9514,1
3194,1
22967,1
49045,1
21675,1
66402,1
30552,1
19132,1
21671,1
22964,1
34918,1
50395,1
23999,1
48733,1
28274,1
30323,1
63740,1
48409,1
47807,1
2626,1
32275,1
13423,1
54916,1
28287,1
30764,1
21775,1
37327,1
34916,1
11873,1
30969,1
30183,1
37,1
6856,1
11259,1
50473,1
8729,1
62592,1
23936,1
32291,1
34101,1
543,1
66547,1
49250,1
67953,1
7546,1
30804,1
2818,1
8036,1
5064,1
34047,1
13,1
11792,1
3862,1
50144,1
66783,1
49683,1
40453,1
66548,1
66549,1
49251,1
18900,1
721,1
30970,1
66550,1
49252,1
48734,1
48571,1
399,1
400,1
401,1
31638,1
47885,1
48813,1
9768,1
3738,1
28375,1
18901,1
20621,1
22783,1
7489,1
10339,1
21672,1
50364,1
60821,1
50781,1
34750,1
63954,1
21693,1
21894,1
22973,1
9750,1
2954,1
49552,1
66635,1
21694,1
4100,1
16020,1
9403,1
23967,1
21698,1
28637,1
37473,1
34751,1
63955,1
28626,1
7513,1
7427,1
10281,1
21719,1
21720,1
23672,1
30865,1
23730,1
21547,1
51281,1
21589,1
21722,1
14495,1
11725,1
21695,1
21696,1
1203,1
21609,1
67478,1
915,1
28998,1
21697,1
14496,1
20525,1
34583,1
63956,1
21629,1
30091,1
63246,1
21702,1
48191,1
21723,1
28344,1
11759,1
21699,1
33857,1
28362,1
21762,1
21701,1
24024,1
28361,1
28620,1
28621,1
32292,1
33403,1
29867,1
2453,1
24030,1
47943,1
11427,1
30952,1
10527,1
14352,1
3780,1
7524,1
21785,1
21703,1
47313,1
28627,1
63957,1
5119,1
16034,1
66383,1
66292,1
67999,1
30085,1
63247,1
21704,1
49333,1
33940,1
68001,1
3854,1
2747,1
33986,1
31590,1
48126,1
48337,1
21895,1
3117,1
48060,1
8090,1
40443,1
59928,1
10686,1
52294,1
131,1
21673,1
30826,1
7769,1
21780,1
8831,1
21520,1
3459,1
30178,1
61464,1
48003,1
21630,1
11313,1
28386,1
29552,1
30805,1
9730,1
48013,1
9736,1
21821,1
30016,1
62337,1
2762,1
33960,1
834,1
172,1
34154,1
24027,1
21724,1
52295,1
2763,1
7543,1
2764,1
5076,1
11314,1
11315,1
23139,1
29329,1
67480,1
1447,1
2765,1
67283,1
21826,1
2766,1
32283,1
34083,1
31655,1
66210,1
28623,1
2756,1
28903,1
21705,1
2767,1
55903,1
21706,1
34164,1
76,1
11223,1
8797,1
25086,1
3592,1
34165,1
48033,1
66615,1
21827,1
66636,1
13103,1
2769,1
10695,1
13078,1
29944,1
32284,1
49642,1
30953,1
50782,1
21707,1
7555,1
49117,1
68050,1
21708,1
47323,1
22995,1
23613,1
48048,1
21709,1
14198,1
67756,1
33126,1
7359,1
21710,1
23949,1
21711,1
40402,1
29276,1
37674,1
48059,1
28624,1
11435,1
2727,1
63280,1
33621,1
67311,1
60917,1
13277,1
7493,1
55304,1
20064,1
18928,1
38776,1
55521,1
21896,1
47577,1
36087,1
33999,1
55932,1
23953,1
21897,1
2770,1
66551,1
49253,1
54976,1
48066,1
28625,1
32285,1
45937,1
21712,1
24028,1
55142,1
24029,1
3828,1
21763,1
2757,1
11428,1
13406,1
1001,1
24013,1
2759,1
2841,1
51293,1
2760,1
55711,1
62502,1
50469,1
55305,1
13789,1
21764,1
21796,1
52331,1
16331,1
10443,1
22154,1
63891,1
30559,1
52304,1
30849,1
28517,1
7551,1
61931,1
52757,1
37487,1
21714,1
21715,1
23615,1
28518,1
11400,1
3739,1
13420,1
13922,1
24000,1
21804,1
33992,1
32502,1
54986,1
30957,1
14613,1
32286,1
48192,1
55383,1
32287,1
66775,1
50455,1
47458,1
32143,1
32288,1
21862,1
66552,1
63615,1
21814,1
48348,1
48346,1
12696,1
39848,1
20556,1
48572,1
36865,1
12887,1
51408,1
23786,1
48288,1
62105,1
13208,1
8302,1
49254,1
66553,1
2821,1
23016,1
55933,1
11436,1
32289,1
50456,1
66780,1
62124,1
7507,1
28542,1
59495,1
21838,1
39535,1
21716,1
5136,1
21256,1
32394,1
21717,1
11222,1
34110,1
61009,1
62049,1
28549,1
2773,1
61022,1
23701,1
6029,1
23702,1
48193,1
61690,1
2761,1
16134,1
11429,1
50972,1
28558,1
21815,1
48347,1
48349,1
66776,1
33786,1
2823,1
22906,1
68278,1
55306,1
3838,1
9753,1
20116,1
23094,1
21802,1
21839,1
18902,1
31649,1
23027,1
7397,1
64588,1
13835,1
13753,1
1008,1
55310,1
7894,1
59755,1
52351,1
3686,1
34946,1
7897,1
52352,1
63798,1
55227,1
30086,1
63248,1
48228,1
20557,1
21674,1
1013,1
10343,1
34947,1
1148,1
20558,1
23033,1
21898,1
23225,1
11430,1
30185,1
28615,1
43159,1
19668,1
66554,1
30986,1
55031,1
28628,1
61918,1
29323,1
67481,1
47383,1
16194,1
47936,1
66407,1
55363,1
13424,1
3796,1
67763,1
31705,1
67284,1
48268,1
52353,1
63288,1
7658,1
24162,1
21776,1
21718,1
55228,1
13774,1
49595,1
23708,1
23083,1
2819,1
11305,1
32391,1
48742,1
67757,1
10374,1
30753,1
16195,1
22919,1
48817,1
32325,1
51423,1
14517,1
48372,1
11317,1
52332,1
49150,1
7994,1
28498,1
40493,1
53083,1
34948,1
14622,1
68044,1
10740,1
37232,1
13421,1
28992,1
38783,1
62407,1
13796,1
12264,1
50760,1
355,1
71,1
49151,1
55309,1
11791,1
55522,1
34156,1
21824,1
49289,1
405,1
50761,1
49440,1
23703,1
7770,1
34949,1
30806,1
67034,1
2521,1
49076,1
60678,1
59342,1
27898,1
21816,1
60302,1
2262,1
8179,1
49443,1
13828,1
55065,1
49159,1
55630,1
48481,1
49596,1
19247,1
49441,1
48492,1
34161,1
34950,1
61023,1
55229,1
50561,1
21825,1
23003,1
50797,1
32179,1
22156,1
21772,1
34034,1
11252,1
30214,1
66702,1
8079,1
67035,1
7562,1
8172,1
55124,1
48505,1
49160,1
30179,1
21019,1
63947,1
34654,1
7926,1
34174,1
234,1
30807,1
20559,1
31046,1
34752,1
63958,1
47749,1
48629,1
60675,1
5881,1
14505,1
34506,1
29039,1
67851,1
48716,1
59938,1
21916,1
11310,1
34232,1
11318,1
30180,1
34456,1
29553,1
48551,1
62270,1
10738,1
49492,1
34336,1
22061,1
67852,1
13799,1
88,1
53264,1
30181,1
48573,1
54671,1
30186,1
48646,1
23704,1
14011,1
13800,1
27335,1
15709,1
68126,1
50470,1
61469,1
48647,1
8001,1
61290,1
7993,1
48606,1
40619,1
13839,1
30218,1
67218,1
11306,1
11307,1
24038,1
26934,1
9775,1
49442,1
63617,1
31008,1
8578,1
32180,1
24172,1
12741,1
30731,1
61575,1
53030,1
23709,1
48663,1
48630,1
1813,1
55715,1
20063,1
34337,1
30920,1
19136,1
16221,1
2418,1
67809,1
21971,1
28768,1
20067,1
34538,1
68002,1
50184,1
30866,1
21917,1
50798,1
34331,1
49444,1
11548,1
38416,1
470,1
28766,1
2798,1
61568,1
7892,1
52402,1
61024,1
49493,1
11308,1
50998,1
66692,1
55978,1
11233,1
55345,1
48996,1
8013,1
51463,1
63199,1
418,1
7592,1
67313,1
48687,1
66777,1
29330,1
67483,1
34265,1
11309,1
3710,1
20011,1
11342,1
11437,1
34759,1
63960,1
28951,1
6094,1
29554,1
8394,1
7024,1
55587,1
50471,1
52972,1
13963,1
63289,1
30808,1
67036,1
48717,1
954,1
5279,1
34648,1
50472,1
11290,1
29555,1
11311,1
326,1
48995,1
34760,1
63961,1
52973,1
21899,1
18724,1
21900,1
63962,1
22141,1
10037,1
53407,1
31670,1
48074,1
29321,1
21014,1
64558,1
28760,1
48822,1
11292,1
38070,1
8006,1
67037,1
34610,1
13834,1
52974,1
48923,1
64058,1
30882,1
61025,1
52808,1
31674,1
64591,1
22988,1
22067,1
67853,1
23705,1
38344,1
23592,1
13169,1
28856,1
6937,1
63716,1
67002,1
60571,1
59421,1
13126,1
63283,1
33934,1
32181,1
55000,1
52810,1
51641,1
13788,1
13316,1
19170,1
23508,1
61424,1
29556,1
55199,1
55268,1
31430,1
14013,1
21901,1
24219,1
7564,1
22062,1
67854,1
11319,1
7393,1
67038,1
34706,1
34707,1
30769,1
28866,1
55979,1
50431,1
34649,1
50474,1
8095,1
67039,1
23520,1
23593,1
13120,1
61537,1
28746,1
49676,1
10690,1
56412,1
8865,1
54823,1
23495,1
30786,1
7895,1
20614,1
67219,1
21367,1
21564,1
67855,1
4214,1
55246,1
12894,1
23594,1
16264,1
27966,1
8390,1
34350,1
48924,1
67810,1
23058,1
8596,1
2512,1
23582,1
206,1
24041,1
67910,1
34364,1
32174,1
8077,1
28896,1
55980,1
11320,1
32175,1
32353,1
49415,1
52813,1
2702,1
23568,1
30846,1
55225,1
11431,1
14331,1
39591,1
11432,1
73,1
55230,1
8082,1
23595,1
1435,1
28166,1
20461,1
52975,1
61648,1
34457,1
621,1
55233,1
22004,1
29548,1
34332,1
32395,1
31708,1
11433,1
30002,1
38784,1
62408,1
16285,1
30942,1
29869,1
28540,1
23010,1
60225,1
60677,1
8044,1
12903,1
10701,1
21993,1
63340,1
34496,1
21911,1
2658,1
393,1
8071,1
26371,1
62338,1
8045,1
23752,1
62288,1
28938,1
52377,1
5885,1
30176,1
5708,1
34338,1
30177,1
11439,1
29110,1
66421,1
30848,1
13838,1
20636,1
30809,1
38786,1
62409,1
20735,1
14103,1
59828,1
48484,1
19134,1
49494,1
19138,1
34351,1
34951,1
55247,1
33617,1
68003,1
31433,1
28979,1
67204,1
62410,1
60592,1
5822,1
61932,1
523,1
417,1
9319,1
60204,1
21918,1
39601,1
10902,1
11323,1
28997,1
67484,1
8683,1
49413,1
55281,1
32235,1
53240,1
48751,1
11440,1
11358,1
62778,1
30943,1
13984,1
27366,1
34677,1
8333,1
455,1
8322,1
29549,1
9220,1
49052,1
67280,1
24042,1
37668,1
30597,1
47806,1
7813,1
63963,1
29324,1
67485,1
8072,1
18651,1
59498,1
14947,1
34721,1
67814,1
29056,1
32176,1
63228,1
33321,1
67912,1
49086,1
23696,1
10503,1
27919,1
49621,1
7633,1
11377,1
19142,1
55568,1
31435,1
3819,1
59344,1
24057,1
34952,1
29040,1
32177,1
63293,1
20737,1
67914,1
34494,1
30971,1
60176,1
49106,1
30972,1
34753,1
63964,1
32062,1
32061,1
49738,1
28652,1
13934,1
11409,1
16344,1
34650,1
33726,1
50741,1
524,1
23164,1
50305,1
9200,1
62377,1
29325,1
67486,1
64101,1
13148,1
7791,1
29643,1
66691,1
14165,1
55353,1
4815,1
63426,1
14162,1
20736,1
8046,1
13930,1
62449,1
35487,1
18739,1
273,1
59327,1
18670,1
13597,1
67804,1
51563,1
62451,1
29087,1
49152,1
24058,1
11466,1
52840,1
436,1
37940,1
13151,1
51698,1
13972,1
61662,1
23181,1
22031,1
67856,1
7073,1
24002,1
34655,1
236,1
52977,1
3860,1
67487,1
29328,1
67488,1
14340,1
30187,1
51643,1
34393,1
20902,1
66573,1
30673,1
29111,1
34424,1
12682,1
56074,1
34953,1
20698,1
29119,1
66543,1
29571,1
32111,1
63741,1
16367,1
37930,1
18737,1
6557,1
63341,1
8590,1
55387,1
55388,1
61436,1
50049,1
49255,1
61557,1
50050,1
8894,1
424,1
63789,1
61576,1
38093,1
31754,1
50744,1
50748,1
13372,1
60205,1
20640,1
67489,1
32053,1
50051,1
837,1
49475,1
38400,1
67811,1
23616,1
31700,1
8305,1
31129,1
15622,1
24824,1
33225,1
67812,1
50052,1
50053,1
50054,1
49590,1
50059,1
50055,1
32054,1
50056,1
29322,1
67490,1
30215,1
67220,1
50058,1
23706,1
265,1
32055,1
32056,1
32059,1
49713,1
50060,1
49789,1
29327,1
67491,1
29326,1
67492,1
562,1
55600,1
55588,1
23205,1
8893,1
23707,1
32057,1
24063,1
31904,1
50457,1
66781,1
40532,1
59859,1
22063,1
67857,1
7124,1
64569,1
62075,1
60849,1
990,1
8008,1
63820,1
11649,1
52841,1
67656,1
32277,1
278,1
64479,1
19777,1
32058,1
21985,1
67858,1
7072,1
59860,1
2391,1
55455,1
32089,1
62078,1
19816,1
32094,1
62079,1
29504,1
8073,1
614,1
68279,1
67630,1
29360,1
67493,1
49597,1
12844,1
8119,1
61578,1
34458,1
38529,1
30883,1
61029,1
50022,1
51568,1
26727,1
49901,1
10413,1
63250,1
11364,1
36262,1
34954,1
62081,1
29175,1
12845,1
61579,1
59798,1
60270,1
52914,1
38358,1
52901,1
39909,1
60588,1
49410,1
52835,1
11467,1
31733,1
8793,1
23287,1
49476,1
60835,1
8304,1
23332,1
31734,1
60646,1
50556,1
20647,1
63790,1
617,1
55954,1
61830,1
50061,1
34602,1
52398,1
5883,1
50377,1
62503,1
31077,1
8096,1
67040,1
29260,1
62182,1
51794,1
29359,1
67494,1
34755,1
63966,1
31067,1
37586,1
55956,1
52403,1
34656,1
55404,1
49491,1
22064,1
67859,1
34756,1
63967,1
572,1
63791,1
29358,1
67495,1
9720,1
49783,1
9636,1
30895,1
11868,1
50609,1
50306,1
8263,1
50752,1
39631,1
34485,1
55701,1
40486,1
50783,1
2086,1
56057,1
49574,1
31767,1
29489,1
1180,1
51579,1
29958,1
7367,1
32278,1
28638,1
5819,1
5293,1
63742,1
31678,1
11402,1
38098,1
29664,1
55440,1
29309,1
2784,1
31017,1
18806,1
2084,1
50799,1
50368,1
56070,1
26904,1
67860,1
60783,1
34539,1
68004,1
34495,1
22133,1
66694,1
22253,1
30116,1
59861,1
34757,1
63968,1
36939,1
49992,1
49993,1
55569,1
49598,1
60117,1
9227,1
49922,1
23224,1
63823,1
13604,1
63824,1
50369,1
34540,1
68005,1
49602,1
29001,1
50753,1
49861,1
66584,1
8633,1
62278,1
55546,1
62082,1
14509,1
8088,1
37715,1
13605,1
63825,1
7889,1
55570,1
49923,1
59681,1
29400,1
32223,1
20790,1
49722,1
49622,1
59862,1
38386,1
32090,1
62083,1
29488,1
61740,1
14480,1
32135,1
6316,1
62084,1
29935,1
67496,1
11505,1
22066,1
67861,1
8662,1
6430,1
331,1
3851,1
15239,1
50557,1
50118,1
30918,1
40610,1
4508,1
55485,1
60850,1
11391,1
21125,1
8762,1
7017,1
4753,1
49714,1
29376,1
30188,1
30954,1
10453,1
11632,1
23859,1
64954,1
23328,1
32178,1
50819,1
298,1
34507,1
31498,1
30087,1
63251,1
50999,1
66693,1
60142,1
50,1
30192,1
63292,1
30193,1
2152,1
49696,1
24061,1
50433,1
68006,1
37724,1
63286,1
55955,1
29936,1
67497,1
32404,1
29429,1
20835,1
29491,1
11554,1
11384,1
49733,1
18740,1
8320,1
61332,1
32213,1
55523,1
8867,1
27189,1
29492,1
37934,1
60608,1
32091,1
16033,1
50745,1
23472,1
59930,1
8378,1
19248,1
12846,1
50074,1
38977,1
50784,1
50062,1
67571,1
50110,1
28283,1
50800,1
55554,1
7890,1
55996,1
67573,1
24071,1
55995,1
29668,1
5409,1
56329,1
34816,1
49870,1
8113,1
55553,1
68051,1
54543,1
49790,1
38359,1
31451,1
12704,1
66637,1
30955,1
50107,1
50653,1
30190,1
9324,1
29471,1
29475,1
54423,1
23114,1
60455,1
63287,1
11415,1
8850,1
51670,1
6993,1
19296,1
50108,1
34764,1
21929,1
60610,1
29493,1
50330,1
30944,1
23278,1
13957,1
8699,1
19249,1
34537,1
34719,1
24957,1
12842,1
25765,1
67574,1
30956,1
34030,1
55997,1
67575,1
31034,1
61580,1
40568,1
61581,1
50075,1
495,1
32224,1
68200,1
66585,1
10614,1
13994,1
24126,1
29526,1
55589,1
31080,1
50683,1
50785,1
8701,1
33453,1
55625,1
12767,1
49876,1
7038,1
6351,1
50558,1
37755,1
40635,1
11441,1
29517,1
12843,1
32309,1
3844,1
32402,1
38020,1
50374,1
50686,1
67385,1
51651,1
56173,1
52844,1
10619,1
34400,1
55611,1
63945,1
67576,1
30934,1
29714,1
11443,1
30220,1
67221,1
49945,1
50370,1
23395,1
23391,1
2580,1
53123,1
15873,1
2896,1
56327,1
29581,1
55702,1
11897,1
38634,1
50371,1
32508,1
9241,1
63321,1
63342,1
18683,1
9244,1
12689,1
50786,1
34698,1
6929,1
32092,1
62086,1
12994,1
866,1
14012,1
59889,1
23262,1
64626,1
30096,1
68280,1
20074,1
63792,1
33642,1
9405,1
50343,1
50372,1
50559,1
8745,1
50158,1
31816,1
55998,1
67577,1
9207,1
50344,1
8742,1
11468,1
50975,1
59437,1
50491,1
55999,1
67578,1
12693,1
50331,1
63826,1
19233,1
38251,1
60858,1
50249,1
34647,1
34062,1
29337,1
19171,1
50162,1
56330,1
38463,1
29560,1
60854,1
34608,1
60846,1
32273,1
61582,1
50684,1
61907,1
13985,1
66642,1
31001,1
22939,1
62953,1
29679,1
53315,1
50563,1
40567,1
31789,1
29684,1
67504,1
55679,1
24072,1
2181,1
27901,1
62352,1
2169,1
2129,1
24214,1
8904,1
32093,1
62087,1
50746,1
56234,1
50424,1
51108,1
66680,1
40569,1
56010,1
55703,1
55704,1
56336,1
31103,1
61583,1
50267,1
30017,1
51806,1
23841,1
53316,1
55716,1
32392,1
34675,1
67805,1
12820,1
61794,1
53112,1
61062,1
13283,1
63343,1
34678,1
61785,1
30216,1
67222,1
34789,1
34703,1
68052,1
30088,1
63252,1
19234,1
51795,1
50063,1
29937,1
67498,1
52998,1
61818,1
66940,1
61089,1
50332,1
61398,1
15160,1
7697,1
50339,1
50341,1
9536,1
21118,1
1012,1
62478,1
29984,1
67579,1
50442,1
20390,1
50665,1
11757,1
61787,1
12854,1
31126,1
63793,1
50654,1
60743,1
31065,1
59438,1
49956,1
14119,1
50386,1
8906,1
8854,1
61612,1
31817,1
44052,1
34979,1
60654,1
12781,1
55811,1
59439,1
59440,1
3834,1
56002,1
67580,1
59442,1
60424,1
623,1
12841,1
4566,1
61471,1
62339,1
13918,1
62340,1
29938,1
67499,1
18634,1
61920,1
28699,1
66778,1
59478,1
52956,1
56003,1
67581,1
51892,1
61788,1
34758,1
63969,1
10405,1
61789,1
10713,1
59570,1
51126,1
67500,1
7047,1
34739,1
20785,1
6870,1
60770,1
369,1
32305,1
62341,1
62129,1
55706,1
60851,1
52535,1
20799,1
56351,1
14279,1
61588,1
56000,1
67582,1
59504,1
